ID,Estimated Speedup [%],Function Name,Demangled Name,Duration [us],Runtime Improvement [us],Compute Throughput [%],Memory Throughput [%],# Registers [register/thread],Grid Size,Block Size [block],Result Type,Cycles [cycle]
0,0.00,spmv_csr_row_per_thread,spmv_csr_row_per_thread..,12.29,0.00,12.16,67.13,40," 1024,    1,    1","   64,    1,    1",Kernel: SIMT,"18,309"
1,0.00,spmv_csr_row_per_thread,spmv_csr_row_per_thread..,12.16,0.00,11.96,67.76,40," 1024,    1,    1","   64,    1,    1",Kernel: SIMT,"18,133"
2,0.00,spmv_csr_row_per_thread,spmv_csr_row_per_thread..,12.13,0.00,12.20,67.81,40," 1024,    1,    1","   64,    1,    1",Kernel: SIMT,"18,156"
3,0.00,spmv_csr_row_per_thread,spmv_csr_row_per_thread..,12.03,0.00,12.39,68.49,40," 1024,    1,    1","   64,    1,    1",Kernel: SIMT,"17,995"
4,0.00,spmv_csr_row_per_thread,spmv_csr_row_per_thread..,12.10,0.00,12.33,68.16,40," 1024,    1,    1","   64,    1,    1",Kernel: SIMT,"18,066"
5,5.12,spmv_csr_row_per_thread,spmv_csr_row_per_thread..,12.13,0.62,12.13,67.84,40," 1024,    1,    1","   64,    1,    1",Kernel: SIMT,"18,106"
6,0.00,spmv_csr_row_per_thread,spmv_csr_row_per_thread..,12.19,0.00,12.02,67.45,40," 1024,    1,    1","   64,    1,    1",Kernel: SIMT,"18,242"
7,0.00,spmv_csr_row_per_thread,spmv_csr_row_per_thread..,12.22,0.00,12.40,67.29,40," 1024,    1,    1","   64,    1,    1",Kernel: SIMT,"18,261"
8,5.57,spmv_csr_row_per_thread,spmv_csr_row_per_thread..,12.16,0.68,12.33,67.84,40," 1024,    1,    1","   64,    1,    1",Kernel: SIMT,"18,146"
9,6.81,spmv_csr_row_per_thread,spmv_csr_row_per_thread..,12.13,0.83,12.46,67.84,40," 1024,    1,    1","   64,    1,    1",Kernel: SIMT,"18,025"
10,6.12,spmv_csr_row_per_thread,spmv_csr_row_per_thread..,12.54,0.77,12.40,65.67,40," 1024,    1,    1","   64,    1,    1",Kernel: SIMT,"18,669"
11,5.03,spmv_csr_row_per_thread,spmv_csr_row_per_thread..,12.13,0.61,12.04,67.84,40," 1024,    1,    1","   64,    1,    1",Kernel: SIMT,"18,076"
12,0.00,spmv_csr_row_per_thread,spmv_csr_row_per_thread..,12.19,0.00,12.30,67.37,40," 1024,    1,    1","   64,    1,    1",Kernel: SIMT,"18,213"
13,0.00,spmv_csr_row_per_thread,spmv_csr_row_per_thread..,12.06,0.00,12.44,68.16,40," 1024,    1,    1","   64,    1,    1",Kernel: SIMT,"18,022"
14,0.00,spmv_csr_row_per_thread,spmv_csr_row_per_thread..,12.26,0.00,12.29,66.97,40," 1024,    1,    1","   64,    1,    1",Kernel: SIMT,"18,293"
15,0.00,spmv_csr_row_per_thread,spmv_csr_row_per_thread..,12.19,0.00,12.43,67.52,40," 1024,    1,    1","   64,    1,    1",Kernel: SIMT,"18,177"
16,0.00,spmv_csr_row_per_thread,spmv_csr_row_per_thread..,12.10,0.00,12.33,68.08,40," 1024,    1,    1","   64,    1,    1",Kernel: SIMT,"18,025"
17,0.00,spmv_csr_row_per_thread,spmv_csr_row_per_thread..,12.06,0.00,12.36,68.16,40," 1024,    1,    1","   64,    1,    1",Kernel: SIMT,"18,045"
18,0.00,spmv_csr_row_per_thread,spmv_csr_row_per_thread..,12.13,0.00,12.32,67.84,40," 1024,    1,    1","   64,    1,    1",Kernel: SIMT,"18,083"
19,0.00,spmv_csr_row_per_thread,spmv_csr_row_per_thread..,12.13,0.00,12.36,67.84,40," 1024,    1,    1","   64,    1,    1",Kernel: SIMT,"18,100"
20,5.16,spmv_csr_row_per_thread,spmv_csr_row_per_thread..,12.19,0.63,12.25,67.44,40," 1024,    1,    1","   64,    1,    1",Kernel: SIMT,"18,228"
21,0.00,spmv_csr_row_per_thread,spmv_csr_row_per_thread..,12.16,0.00,12.00,68.10,40," 1024,    1,    1","   64,    1,    1",Kernel: SIMT,"18,191"
22,0.00,spmv_csr_row_per_thread,spmv_csr_row_per_thread..,12.19,0.00,11.92,67.52,40," 1024,    1,    1","   64,    1,    1",Kernel: SIMT,"18,216"
23,0.00,spmv_csr_row_per_thread,spmv_csr_row_per_thread..,12.03,0.00,10.94,68.57,40," 1024,    1,    1","   64,    1,    1",Kernel: SIMT,"17,947"
24,0.00,spmv_csr_row_per_thread,spmv_csr_row_per_thread..,12.13,0.00,12.42,68.00,40," 1024,    1,    1","   64,    1,    1",Kernel: SIMT,"18,099"
25,0.00,spmv_csr_row_per_thread,spmv_csr_row_per_thread..,12.16,0.00,12.30,67.68,40," 1024,    1,    1","   64,    1,    1",Kernel: SIMT,"18,144"
26,0.00,spmv_csr_row_per_thread,spmv_csr_row_per_thread..,12.19,0.00,12.34,67.60,40," 1024,    1,    1","   64,    1,    1",Kernel: SIMT,"18,190"
27,5.66,spmv_csr_row_per_thread,spmv_csr_row_per_thread..,12.16,0.69,12.12,67.76,40," 1024,    1,    1","   64,    1,    1",Kernel: SIMT,"18,142"
28,0.00,spmv_csr_row_per_thread,spmv_csr_row_per_thread..,12.16,0.00,12.16,67.84,40," 1024,    1,    1","   64,    1,    1",Kernel: SIMT,"18,111"
29,5.27,spmv_csr_row_per_thread,spmv_csr_row_per_thread..,12.16,0.64,12.36,67.64,40," 1024,    1,    1","   64,    1,    1",Kernel: SIMT,"18,149"
30,0.00,spmv_csr_row_per_thread,spmv_csr_row_per_thread..,12.06,0.00,12.25,68.08,40," 1024,    1,    1","   64,    1,    1",Kernel: SIMT,"18,018"
31,0.00,spmv_csr_row_per_thread,spmv_csr_row_per_thread..,12.19,0.00,12.25,67.52,40," 1024,    1,    1","   64,    1,    1",Kernel: SIMT,"18,221"
32,0.00,spmv_csr_row_per_thread,spmv_csr_row_per_thread..,12.16,0.00,12.05,67.76,40," 1024,    1,    1","   64,    1,    1",Kernel: SIMT,"18,138"
33,5.73,spmv_csr_row_per_thread,spmv_csr_row_per_thread..,12.19,0.70,12.38,67.52,40," 1024,    1,    1","   64,    1,    1",Kernel: SIMT,"18,225"
34,0.00,spmv_csr_row_per_thread,spmv_csr_row_per_thread..,12.03,0.00,12.36,68.48,40," 1024,    1,    1","   64,    1,    1",Kernel: SIMT,"17,957"
35,0.00,spmv_csr_row_per_thread,spmv_csr_row_per_thread..,12.22,0.00,12.42,67.44,40," 1024,    1,    1","   64,    1,    1",Kernel: SIMT,"18,219"
36,0.00,spmv_csr_row_per_thread,spmv_csr_row_per_thread..,12.19,0.00,12.36,67.55,40," 1024,    1,    1","   64,    1,    1",Kernel: SIMT,"18,155"
37,5.45,spmv_csr_row_per_thread,spmv_csr_row_per_thread..,12.19,0.66,12.38,67.90,40," 1024,    1,    1","   64,    1,    1",Kernel: SIMT,"18,180"
38,0.00,spmv_csr_row_per_thread,spmv_csr_row_per_thread..,12.13,0.00,12.33,68.11,40," 1024,    1,    1","   64,    1,    1",Kernel: SIMT,"18,051"
39,0.00,spmv_csr_row_per_thread,spmv_csr_row_per_thread..,12.26,0.00,12.29,67.29,40," 1024,    1,    1","   64,    1,    1",Kernel: SIMT,"18,278"
40,5.59,spmv_csr_row_per_thread,spmv_csr_row_per_thread..,12.06,0.67,12.40,68.00,40," 1024,    1,    1","   64,    1,    1",Kernel: SIMT,"18,012"
41,0.00,spmv_csr_row_per_thread,spmv_csr_row_per_thread..,12.10,0.00,12.42,68.16,40," 1024,    1,    1","   64,    1,    1",Kernel: SIMT,"18,034"
42,7.88,spmv_csr_row_per_thread,spmv_csr_row_per_thread..,12.10,0.95,12.14,67.92,40," 1024,    1,    1","   64,    1,    1",Kernel: SIMT,"18,025"
43,5.28,spmv_csr_row_per_thread,spmv_csr_row_per_thread..,12.19,0.64,12.23,67.52,40," 1024,    1,    1","   64,    1,    1",Kernel: SIMT,"18,144"
44,0.00,spmv_csr_row_per_thread,spmv_csr_row_per_thread..,12.06,0.00,12.22,68.16,40," 1024,    1,    1","   64,    1,    1",Kernel: SIMT,"18,043"
45,0.00,spmv_csr_row_per_thread,spmv_csr_row_per_thread..,11.97,0.00,12.36,68.74,40," 1024,    1,    1","   64,    1,    1",Kernel: SIMT,"17,841"
46,0.00,spmv_csr_row_per_thread,spmv_csr_row_per_thread..,12,0.00,12.20,68.41,40," 1024,    1,    1","   64,    1,    1",Kernel: SIMT,"17,915"
47,5.01,spmv_csr_row_per_thread,spmv_csr_row_per_thread..,12.06,0.60,12.13,68.33,40," 1024,    1,    1","   64,    1,    1",Kernel: SIMT,"17,984"
48,5.88,spmv_csr_row_per_thread,spmv_csr_row_per_thread..,12.35,0.73,11.90,66.59,40," 1024,    1,    1","   64,    1,    1",Kernel: SIMT,"18,452"
49,5.26,spmv_csr_row_per_thread,spmv_csr_row_per_thread..,12.16,0.64,12.39,67.61,40," 1024,    1,    1","   64,    1,    1",Kernel: SIMT,"18,108"
50,5.57,spmv_csr_row_per_thread,spmv_csr_row_per_thread..,12.13,0.68,11.96,67.92,40," 1024,    1,    1","   64,    1,    1",Kernel: SIMT,"18,069"
51,5.05,spmv_csr_row_per_thread,spmv_csr_row_per_thread..,12.35,0.62,12.33,66.67,40," 1024,    1,    1","   64,    1,    1",Kernel: SIMT,"18,413"
52,5.44,spmv_csr_row_per_thread,spmv_csr_row_per_thread..,12.22,0.67,11.92,67.29,40," 1024,    1,    1","   64,    1,    1",Kernel: SIMT,"18,246"
53,5.29,spmv_csr_row_per_thread,spmv_csr_row_per_thread..,12.13,0.64,12.39,67.92,40," 1024,    1,    1","   64,    1,    1",Kernel: SIMT,"18,046"
54,0.00,spmv_csr_row_per_thread,spmv_csr_row_per_thread..,12.45,0.00,12.12,65.97,40," 1024,    1,    1","   64,    1,    1",Kernel: SIMT,"18,591"
55,5.46,spmv_csr_row_per_thread,spmv_csr_row_per_thread..,12.22,0.67,12.33,67.36,40," 1024,    1,    1","   64,    1,    1",Kernel: SIMT,"18,202"
56,0.00,spmv_csr_row_per_thread,spmv_csr_row_per_thread..,12.10,0.00,12.15,67.93,40," 1024,    1,    1","   64,    1,    1",Kernel: SIMT,"18,043"
57,0.00,spmv_csr_row_per_thread,spmv_csr_row_per_thread..,12.13,0.00,12.32,68.00,40," 1024,    1,    1","   64,    1,    1",Kernel: SIMT,"18,089"
58,5.64,spmv_csr_row_per_thread,spmv_csr_row_per_thread..,12.10,0.68,12.20,68.08,40," 1024,    1,    1","   64,    1,    1",Kernel: SIMT,"18,107"
59,0.00,spmv_csr_row_per_thread,spmv_csr_row_per_thread..,12.32,0.00,12.40,66.89,40," 1024,    1,    1","   64,    1,    1",Kernel: SIMT,"18,420"
60,0.00,spmv_csr_row_per_thread,spmv_csr_row_per_thread..,12.45,0.00,12.35,65.97,40," 1024,    1,    1","   64,    1,    1",Kernel: SIMT,"18,625"
61,0.00,spmv_csr_row_per_thread,spmv_csr_row_per_thread..,12.10,0.00,12.13,68.16,40," 1024,    1,    1","   64,    1,    1",Kernel: SIMT,"18,055"
62,0.00,spmv_csr_row_per_thread,spmv_csr_row_per_thread..,12.19,0.00,12.43,67.52,40," 1024,    1,    1","   64,    1,    1",Kernel: SIMT,"18,148"
63,0.00,spmv_csr_row_per_thread,spmv_csr_row_per_thread..,12.22,0.00,12.34,67.30,40," 1024,    1,    1","   64,    1,    1",Kernel: SIMT,"18,184"
64,0.00,spmv_csr_row_per_thread,spmv_csr_row_per_thread..,12.10,0.00,12.17,68.16,40," 1024,    1,    1","   64,    1,    1",Kernel: SIMT,"18,038"
65,0.00,spmv_csr_row_per_thread,spmv_csr_row_per_thread..,12.10,0.00,11.98,68.16,40," 1024,    1,    1","   64,    1,    1",Kernel: SIMT,"18,031"
66,0.00,spmv_csr_row_per_thread,spmv_csr_row_per_thread..,12.13,0.00,12.32,67.84,40," 1024,    1,    1","   64,    1,    1",Kernel: SIMT,"18,079"
67,0.00,spmv_csr_row_per_thread,spmv_csr_row_per_thread..,12.26,0.00,12.43,67.21,40," 1024,    1,    1","   64,    1,    1",Kernel: SIMT,"18,271"
68,0.00,spmv_csr_row_per_thread,spmv_csr_row_per_thread..,12.06,0.00,12.35,68.16,40," 1024,    1,    1","   64,    1,    1",Kernel: SIMT,"18,069"
69,6.61,spmv_csr_row_per_thread,spmv_csr_row_per_thread..,12.13,0.80,12.29,68.00,40," 1024,    1,    1","   64,    1,    1",Kernel: SIMT,"18,119"
70,0.00,spmv_csr_row_per_thread,spmv_csr_row_per_thread..,12.35,0.00,12.34,66.89,40," 1024,    1,    1","   64,    1,    1",Kernel: SIMT,"18,428"
71,0.00,spmv_csr_row_per_thread,spmv_csr_row_per_thread..,12.10,0.00,12.41,67.84,40," 1024,    1,    1","   64,    1,    1",Kernel: SIMT,"18,093"
72,5.76,spmv_csr_row_per_thread,spmv_csr_row_per_thread..,12.32,0.71,12.18,66.84,40," 1024,    1,    1","   64,    1,    1",Kernel: SIMT,"18,414"
73,0.00,spmv_csr_row_per_thread,spmv_csr_row_per_thread..,12.06,0.00,12.29,68.16,40," 1024,    1,    1","   64,    1,    1",Kernel: SIMT,"18,002"
74,0.00,spmv_csr_row_per_thread,spmv_csr_row_per_thread..,12,0.00,12.28,68.41,40," 1024,    1,    1","   64,    1,    1",Kernel: SIMT,"17,968"
75,0.00,spmv_csr_row_per_thread,spmv_csr_row_per_thread..,12.13,0.00,12.10,68.00,40," 1024,    1,    1","   64,    1,    1",Kernel: SIMT,"18,024"
76,0.00,spmv_csr_row_per_thread,spmv_csr_row_per_thread..,12.16,0.00,12.11,67.60,40," 1024,    1,    1","   64,    1,    1",Kernel: SIMT,"18,100"
77,0.00,spmv_csr_row_per_thread,spmv_csr_row_per_thread..,12.26,0.00,12.39,67.29,40," 1024,    1,    1","   64,    1,    1",Kernel: SIMT,"18,251"
78,5.06,spmv_csr_row_per_thread,spmv_csr_row_per_thread..,12.22,0.62,12.10,67.36,40," 1024,    1,    1","   64,    1,    1",Kernel: SIMT,"18,257"
79,0.00,spmv_csr_row_per_thread,spmv_csr_row_per_thread..,12.16,0.00,12.38,67.87,40," 1024,    1,    1","   64,    1,    1",Kernel: SIMT,"18,128"
80,5.64,spmv_csr_row_per_thread,spmv_csr_row_per_thread..,12.22,0.69,12.27,67.29,40," 1024,    1,    1","   64,    1,    1",Kernel: SIMT,"18,216"
81,5.19,spmv_csr_row_per_thread,spmv_csr_row_per_thread..,12.10,0.63,12.32,67.92,40," 1024,    1,    1","   64,    1,    1",Kernel: SIMT,"18,090"
82,0.00,spmv_csr_row_per_thread,spmv_csr_row_per_thread..,12.19,0.00,12.33,67.60,40," 1024,    1,    1","   64,    1,    1",Kernel: SIMT,"18,186"
83,6.04,spmv_csr_row_per_thread,spmv_csr_row_per_thread..,12.19,0.74,12.38,67.52,40," 1024,    1,    1","   64,    1,    1",Kernel: SIMT,"18,190"
84,5.05,spmv_csr_row_per_thread,spmv_csr_row_per_thread..,12.22,0.62,12.28,67.21,40," 1024,    1,    1","   64,    1,    1",Kernel: SIMT,"18,269"
85,5.50,spmv_csr_row_per_thread,spmv_csr_row_per_thread..,12.06,0.66,12.15,68.16,40," 1024,    1,    1","   64,    1,    1",Kernel: SIMT,"17,997"
86,0.00,spmv_csr_row_per_thread,spmv_csr_row_per_thread..,12.16,0.00,12.30,67.68,40," 1024,    1,    1","   64,    1,    1",Kernel: SIMT,"18,136"
87,0.00,spmv_csr_row_per_thread,spmv_csr_row_per_thread..,12.06,0.00,12.25,68.16,40," 1024,    1,    1","   64,    1,    1",Kernel: SIMT,"18,000"
88,0.00,spmv_csr_row_per_thread,spmv_csr_row_per_thread..,12.13,0.00,12.26,68.12,40," 1024,    1,    1","   64,    1,    1",Kernel: SIMT,"18,063"
89,0.00,spmv_csr_row_per_thread,spmv_csr_row_per_thread..,12.26,0.00,12.35,67.36,40," 1024,    1,    1","   64,    1,    1",Kernel: SIMT,"18,257"
90,5.01,spmv_csr_row_per_thread,spmv_csr_row_per_thread..,12.13,0.61,12.23,68.15,40," 1024,    1,    1","   64,    1,    1",Kernel: SIMT,"18,100"
91,0.00,spmv_csr_row_per_thread,spmv_csr_row_per_thread..,12.13,0.00,12.23,67.76,40," 1024,    1,    1","   64,    1,    1",Kernel: SIMT,"18,121"
92,0.00,spmv_csr_row_per_thread,spmv_csr_row_per_thread..,12.13,0.00,12.32,67.92,40," 1024,    1,    1","   64,    1,    1",Kernel: SIMT,"18,075"
93,5.57,spmv_csr_row_per_thread,spmv_csr_row_per_thread..,12.03,0.67,12.42,68.49,40," 1024,    1,    1","   64,    1,    1",Kernel: SIMT,"17,923"
94,0.00,spmv_csr_row_per_thread,spmv_csr_row_per_thread..,12.13,0.00,12.31,67.84,40," 1024,    1,    1","   64,    1,    1",Kernel: SIMT,"18,076"
95,0.00,spmv_csr_row_per_thread,spmv_csr_row_per_thread..,12.16,0.00,12.34,67.55,40," 1024,    1,    1","   64,    1,    1",Kernel: SIMT,"18,133"
96,6.03,spmv_csr_row_per_thread,spmv_csr_row_per_thread..,12.16,0.73,12.16,67.76,40," 1024,    1,    1","   64,    1,    1",Kernel: SIMT,"18,158"
97,0.00,spmv_csr_row_per_thread,spmv_csr_row_per_thread..,12.38,0.00,12.26,66.59,40," 1024,    1,    1","   64,    1,    1",Kernel: SIMT,"18,445"
98,0.00,spmv_csr_row_per_thread,spmv_csr_row_per_thread..,12.19,0.00,12.35,67.29,40," 1024,    1,    1","   64,    1,    1",Kernel: SIMT,"18,272"
99,0.00,spmv_csr_row_per_thread,spmv_csr_row_per_thread..,12.10,0.00,12.33,68.00,40," 1024,    1,    1","   64,    1,    1",Kernel: SIMT,"18,087"
100,6.52,spmv_csr_row_per_thread,spmv_csr_row_per_thread..,12.10,0.79,12.21,68.08,40," 1024,    1,    1","   64,    1,    1",Kernel: SIMT,"18,087"
101,0.00,spmv_csr_row_per_thread,spmv_csr_row_per_thread..,12.26,0.00,12.30,67.21,40," 1024,    1,    1","   64,    1,    1",Kernel: SIMT,"18,292"
102,5.66,spmv_csr_row_per_thread,spmv_csr_row_per_thread..,12.10,0.68,12.30,67.95,40," 1024,    1,    1","   64,    1,    1",Kernel: SIMT,"18,065"
103,0.00,spmv_csr_row_per_thread,spmv_csr_row_per_thread..,12.06,0.00,12.28,68.38,40," 1024,    1,    1","   64,    1,    1",Kernel: SIMT,"17,991"
104,5.45,spmv_csr_row_per_thread,spmv_csr_row_per_thread..,12.26,0.67,12.38,67.25,40," 1024,    1,    1","   64,    1,    1",Kernel: SIMT,"18,300"
105,0.00,spmv_csr_row_per_thread,spmv_csr_row_per_thread..,12.13,0.00,12.36,67.84,40," 1024,    1,    1","   64,    1,    1",Kernel: SIMT,"18,132"
106,5.13,spmv_csr_row_per_thread,spmv_csr_row_per_thread..,12.16,0.62,12.32,67.71,40," 1024,    1,    1","   64,    1,    1",Kernel: SIMT,"18,171"
107,8.30,spmv_csr_row_per_thread,spmv_csr_row_per_thread..,12.16,1.01,12.44,67.76,40," 1024,    1,    1","   64,    1,    1",Kernel: SIMT,"18,100"
108,0.00,spmv_csr_row_per_thread,spmv_csr_row_per_thread..,12.13,0.00,12.32,68.08,40," 1024,    1,    1","   64,    1,    1",Kernel: SIMT,"18,004"
109,0.00,spmv_csr_row_per_thread,spmv_csr_row_per_thread..,12.16,0.00,12.20,67.76,40," 1024,    1,    1","   64,    1,    1",Kernel: SIMT,"18,108"
110,0.00,spmv_csr_row_per_thread,spmv_csr_row_per_thread..,12.06,0.00,12.25,68.16,40,"  512,    1,    1","  128,    1,    1",Kernel: SIMT,"17,991"
111,0.00,spmv_csr_row_per_thread,spmv_csr_row_per_thread..,12.03,0.00,12.40,68.49,40,"  512,    1,    1","  128,    1,    1",Kernel: SIMT,"17,910"
112,0.00,spmv_csr_row_per_thread,spmv_csr_row_per_thread..,12.03,0.00,12.22,68.41,40,"  512,    1,    1","  128,    1,    1",Kernel: SIMT,"17,977"
113,0.00,spmv_csr_row_per_thread,spmv_csr_row_per_thread..,12.26,0.00,12.52,66.97,40,"  512,    1,    1","  128,    1,    1",Kernel: SIMT,"18,323"
114,0.00,spmv_csr_row_per_thread,spmv_csr_row_per_thread..,12.03,0.00,12.19,68.33,40,"  512,    1,    1","  128,    1,    1",Kernel: SIMT,"17,887"
115,5.27,spmv_csr_row_per_thread,spmv_csr_row_per_thread..,12,0.63,12.47,68.49,40,"  512,    1,    1","  128,    1,    1",Kernel: SIMT,"17,846"
116,5.68,spmv_csr_row_per_thread,spmv_csr_row_per_thread..,12,0.68,12.19,68.73,40,"  512,    1,    1","  128,    1,    1",Kernel: SIMT,"17,881"
117,0.00,spmv_csr_row_per_thread,spmv_csr_row_per_thread..,11.94,0.00,11.93,68.90,40,"  512,    1,    1","  128,    1,    1",Kernel: SIMT,"17,818"
118,5.85,spmv_csr_row_per_thread,spmv_csr_row_per_thread..,12.10,0.71,12.33,68.16,40,"  512,    1,    1","  128,    1,    1",Kernel: SIMT,"18,038"
119,5.50,spmv_csr_row_per_thread,spmv_csr_row_per_thread..,12.06,0.66,12.48,68.16,40,"  512,    1,    1","  128,    1,    1",Kernel: SIMT,"18,015"
120,0.00,spmv_csr_row_per_thread,spmv_csr_row_per_thread..,12.13,0.00,12.24,67.84,40,"  512,    1,    1","  128,    1,    1",Kernel: SIMT,"18,091"
121,0.00,spmv_csr_row_per_thread,spmv_csr_row_per_thread..,12.26,0.00,12.40,67.15,40,"  512,    1,    1","  128,    1,    1",Kernel: SIMT,"18,328"
122,6.25,spmv_csr_row_per_thread,spmv_csr_row_per_thread..,12,0.75,12.31,68.49,40,"  512,    1,    1","  128,    1,    1",Kernel: SIMT,"17,942"
123,6.82,spmv_csr_row_per_thread,spmv_csr_row_per_thread..,11.97,0.82,12.44,68.73,40,"  512,    1,    1","  128,    1,    1",Kernel: SIMT,"17,900"
124,0.00,spmv_csr_row_per_thread,spmv_csr_row_per_thread..,12.19,0.00,12.37,67.52,40,"  512,    1,    1","  128,    1,    1",Kernel: SIMT,"18,148"
125,0.00,spmv_csr_row_per_thread,spmv_csr_row_per_thread..,12.03,0.00,12.39,68.24,40,"  512,    1,    1","  128,    1,    1",Kernel: SIMT,"17,943"
126,5.76,spmv_csr_row_per_thread,spmv_csr_row_per_thread..,12.10,0.70,12.17,68.00,40,"  512,    1,    1","  128,    1,    1",Kernel: SIMT,"18,036"
127,5.83,spmv_csr_row_per_thread,spmv_csr_row_per_thread..,12,0.70,12.41,68.57,40,"  512,    1,    1","  128,    1,    1",Kernel: SIMT,"17,925"
128,6.74,spmv_csr_row_per_thread,spmv_csr_row_per_thread..,12.06,0.81,12.13,68.24,40,"  512,    1,    1","  128,    1,    1",Kernel: SIMT,"18,030"
129,0.00,spmv_csr_row_per_thread,spmv_csr_row_per_thread..,11.90,0.00,12.26,69.23,40,"  512,    1,    1","  128,    1,    1",Kernel: SIMT,"17,772"
130,5.85,spmv_csr_row_per_thread,spmv_csr_row_per_thread..,11.97,0.70,12.25,68.82,40,"  512,    1,    1","  128,    1,    1",Kernel: SIMT,"17,787"
131,0.00,spmv_csr_row_per_thread,spmv_csr_row_per_thread..,12.54,0.00,12.32,65.82,40,"  512,    1,    1","  128,    1,    1",Kernel: SIMT,"18,640"
132,5.05,spmv_csr_row_per_thread,spmv_csr_row_per_thread..,12,0.61,12.51,68.60,40,"  512,    1,    1","  128,    1,    1",Kernel: SIMT,"17,892"
133,5.07,spmv_csr_row_per_thread,spmv_csr_row_per_thread..,12.03,0.61,12.17,68.33,40,"  512,    1,    1","  128,    1,    1",Kernel: SIMT,"17,945"
134,0.00,spmv_csr_row_per_thread,spmv_csr_row_per_thread..,12.16,0.00,12.49,67.70,40,"  512,    1,    1","  128,    1,    1",Kernel: SIMT,"18,121"
135,6.62,spmv_csr_row_per_thread,spmv_csr_row_per_thread..,12.32,0.82,12.49,66.82,40,"  512,    1,    1","  128,    1,    1",Kernel: SIMT,"18,388"
136,0.00,spmv_csr_row_per_thread,spmv_csr_row_per_thread..,11.87,0.00,12.36,69.15,40,"  512,    1,    1","  128,    1,    1",Kernel: SIMT,"17,777"
137,6.19,spmv_csr_row_per_thread,spmv_csr_row_per_thread..,12.06,0.75,12.36,68.41,40,"  512,    1,    1","  128,    1,    1",Kernel: SIMT,"18,020"
138,0.00,spmv_csr_row_per_thread,spmv_csr_row_per_thread..,11.97,0.00,12.27,69.06,40,"  512,    1,    1","  128,    1,    1",Kernel: SIMT,"17,762"
139,0.00,spmv_csr_row_per_thread,spmv_csr_row_per_thread..,12.35,0.00,12.41,66.59,40,"  512,    1,    1","  128,    1,    1",Kernel: SIMT,"18,393"
140,0.00,spmv_csr_row_per_thread,spmv_csr_row_per_thread..,11.90,0.00,12.54,69.23,40,"  512,    1,    1","  128,    1,    1",Kernel: SIMT,"17,693"
141,0.00,spmv_csr_row_per_thread,spmv_csr_row_per_thread..,12.03,0.00,12.53,68.25,40,"  512,    1,    1","  128,    1,    1",Kernel: SIMT,"18,006"
142,8.31,spmv_csr_row_per_thread,spmv_csr_row_per_thread..,11.97,0.99,12.08,68.73,40,"  512,    1,    1","  128,    1,    1",Kernel: SIMT,"17,902"
143,5.09,spmv_csr_row_per_thread,spmv_csr_row_per_thread..,12.42,0.63,12.21,66.20,40,"  512,    1,    1","  128,    1,    1",Kernel: SIMT,"18,585"
144,5.29,spmv_csr_row_per_thread,spmv_csr_row_per_thread..,11.97,0.63,12.46,68.73,40,"  512,    1,    1","  128,    1,    1",Kernel: SIMT,"17,880"
145,5.75,spmv_csr_row_per_thread,spmv_csr_row_per_thread..,12.38,0.71,12.38,66.35,40,"  512,    1,    1","  128,    1,    1",Kernel: SIMT,"18,509"
146,0.00,spmv_csr_row_per_thread,spmv_csr_row_per_thread..,12.10,0.00,12.41,68.00,40,"  512,    1,    1","  128,    1,    1",Kernel: SIMT,"18,086"
147,8.12,spmv_csr_row_per_thread,spmv_csr_row_per_thread..,12.29,1.00,12.52,66.89,40,"  512,    1,    1","  128,    1,    1",Kernel: SIMT,"18,297"
148,0.00,spmv_csr_row_per_thread,spmv_csr_row_per_thread..,11.94,0.00,12.39,68.90,40,"  512,    1,    1","  128,    1,    1",Kernel: SIMT,"17,725"
149,0.00,spmv_csr_row_per_thread,spmv_csr_row_per_thread..,11.97,0.00,12.46,68.65,40,"  512,    1,    1","  128,    1,    1",Kernel: SIMT,"17,879"
150,0.00,spmv_csr_row_per_thread,spmv_csr_row_per_thread..,12.13,0.00,12.31,67.84,40,"  512,    1,    1","  128,    1,    1",Kernel: SIMT,"18,076"
151,0.00,spmv_csr_row_per_thread,spmv_csr_row_per_thread..,12.06,0.00,12.45,68.35,40,"  512,    1,    1","  128,    1,    1",Kernel: SIMT,"18,016"
152,0.00,spmv_csr_row_per_thread,spmv_csr_row_per_thread..,12,0.00,12.43,68.49,40,"  512,    1,    1","  128,    1,    1",Kernel: SIMT,"17,917"
153,5.02,spmv_csr_row_per_thread,spmv_csr_row_per_thread..,11.97,0.60,12.19,68.65,40,"  512,    1,    1","  128,    1,    1",Kernel: SIMT,"17,910"
154,0.00,spmv_csr_row_per_thread,spmv_csr_row_per_thread..,12,0.00,11.93,68.73,40,"  512,    1,    1","  128,    1,    1",Kernel: SIMT,"17,902"
155,6.37,spmv_csr_row_per_thread,spmv_csr_row_per_thread..,12.16,0.77,12.51,67.84,40,"  512,    1,    1","  128,    1,    1",Kernel: SIMT,"18,097"
156,5.31,spmv_csr_row_per_thread,spmv_csr_row_per_thread..,12.03,0.64,12.50,68.49,40,"  512,    1,    1","  128,    1,    1",Kernel: SIMT,"17,862"
157,8.21,spmv_csr_row_per_thread,spmv_csr_row_per_thread..,12.06,0.99,12.48,68.25,40,"  512,    1,    1","  128,    1,    1",Kernel: SIMT,"17,948"
158,0.00,spmv_csr_row_per_thread,spmv_csr_row_per_thread..,12.10,0.00,12.49,68.16,40,"  512,    1,    1","  128,    1,    1",Kernel: SIMT,"18,061"
159,0.00,spmv_csr_row_per_thread,spmv_csr_row_per_thread..,11.94,0.00,12.37,68.90,40,"  512,    1,    1","  128,    1,    1",Kernel: SIMT,"17,843"
160,5.61,spmv_csr_row_per_thread,spmv_csr_row_per_thread..,12.45,0.70,12.33,66.20,40,"  512,    1,    1","  128,    1,    1",Kernel: SIMT,"18,606"
161,5.11,spmv_csr_row_per_thread,spmv_csr_row_per_thread..,12.64,0.65,12.48,65.08,40,"  512,    1,    1","  128,    1,    1",Kernel: SIMT,"18,907"
162,0.00,spmv_csr_row_per_thread,spmv_csr_row_per_thread..,11.97,0.00,12.01,68.73,40,"  512,    1,    1","  128,    1,    1",Kernel: SIMT,"17,884"
163,6.51,spmv_csr_row_per_thread,spmv_csr_row_per_thread..,12.13,0.79,12.13,67.92,40,"  512,    1,    1","  128,    1,    1",Kernel: SIMT,"18,141"
164,5.35,spmv_csr_row_per_thread,spmv_csr_row_per_thread..,11.94,0.64,12.20,69.06,40,"  512,    1,    1","  128,    1,    1",Kernel: SIMT,"17,802"
165,7.12,spmv_csr_row_per_thread,spmv_csr_row_per_thread..,12,0.85,12.50,68.73,40,"  512,    1,    1","  128,    1,    1",Kernel: SIMT,"17,897"
166,6.66,spmv_csr_row_per_thread,spmv_csr_row_per_thread..,12.03,0.80,12.40,68.33,40,"  512,    1,    1","  128,    1,    1",Kernel: SIMT,"17,981"
167,8.32,spmv_csr_row_per_thread,spmv_csr_row_per_thread..,12.03,1.00,12.50,68.40,40,"  512,    1,    1","  128,    1,    1",Kernel: SIMT,"17,904"
168,0.00,spmv_csr_row_per_thread,spmv_csr_row_per_thread..,11.94,0.00,12.36,68.90,40,"  512,    1,    1","  128,    1,    1",Kernel: SIMT,"17,767"
169,0.00,spmv_csr_row_per_thread,spmv_csr_row_per_thread..,12.16,0.00,12.44,67.60,40,"  512,    1,    1","  128,    1,    1",Kernel: SIMT,"18,135"
170,5.11,spmv_csr_row_per_thread,spmv_csr_row_per_thread..,12.42,0.63,12.49,66.17,40,"  512,    1,    1","  128,    1,    1",Kernel: SIMT,"18,529"
171,6.18,spmv_csr_row_per_thread,spmv_csr_row_per_thread..,11.94,0.74,12.19,69.06,40,"  512,    1,    1","  128,    1,    1",Kernel: SIMT,"17,792"
172,5.10,spmv_csr_row_per_thread,spmv_csr_row_per_thread..,12.22,0.62,12.51,67.44,40,"  512,    1,    1","  128,    1,    1",Kernel: SIMT,"18,239"
173,7.82,spmv_csr_row_per_thread,spmv_csr_row_per_thread..,11.94,0.93,12.38,69.06,40,"  512,    1,    1","  128,    1,    1",Kernel: SIMT,"17,792"
174,0.00,spmv_csr_row_per_thread,spmv_csr_row_per_thread..,12.26,0.00,12.50,67.37,40,"  512,    1,    1","  128,    1,    1",Kernel: SIMT,"18,298"
175,0.00,spmv_csr_row_per_thread,spmv_csr_row_per_thread..,12.38,0.00,12.35,66.47,40,"  512,    1,    1","  128,    1,    1",Kernel: SIMT,"18,525"
176,5.58,spmv_csr_row_per_thread,spmv_csr_row_per_thread..,12,0.67,12.28,68.77,40,"  512,    1,    1","  128,    1,    1",Kernel: SIMT,"17,914"
177,5.47,spmv_csr_row_per_thread,spmv_csr_row_per_thread..,12.10,0.66,12.47,68.11,40,"  512,    1,    1","  128,    1,    1",Kernel: SIMT,"18,070"
178,0.00,spmv_csr_row_per_thread,spmv_csr_row_per_thread..,12.22,0.00,12.44,67.29,40,"  512,    1,    1","  128,    1,    1",Kernel: SIMT,"18,282"
179,5.54,spmv_csr_row_per_thread,spmv_csr_row_per_thread..,12.16,0.67,12.44,67.84,40,"  512,    1,    1","  128,    1,    1",Kernel: SIMT,"18,160"
180,0.00,spmv_csr_row_per_thread,spmv_csr_row_per_thread..,11.94,0.00,12.48,68.90,40,"  512,    1,    1","  128,    1,    1",Kernel: SIMT,"17,821"
181,5.70,spmv_csr_row_per_thread,spmv_csr_row_per_thread..,12.22,0.70,12.29,67.36,40,"  512,    1,    1","  128,    1,    1",Kernel: SIMT,"18,258"
182,0.00,spmv_csr_row_per_thread,spmv_csr_row_per_thread..,12.13,0.00,12.33,67.84,40,"  512,    1,    1","  128,    1,    1",Kernel: SIMT,"18,115"
183,0.00,spmv_csr_row_per_thread,spmv_csr_row_per_thread..,12.32,0.00,12.48,66.82,40,"  512,    1,    1","  128,    1,    1",Kernel: SIMT,"18,416"
184,0.00,spmv_csr_row_per_thread,spmv_csr_row_per_thread..,12.32,0.00,12.47,66.82,40,"  512,    1,    1","  128,    1,    1",Kernel: SIMT,"18,416"
185,7.09,spmv_csr_row_per_thread,spmv_csr_row_per_thread..,11.97,0.85,12.50,68.82,40,"  512,    1,    1","  128,    1,    1",Kernel: SIMT,"17,904"
186,0.00,spmv_csr_row_per_thread,spmv_csr_row_per_thread..,12.29,0.00,12.48,66.90,40,"  512,    1,    1","  128,    1,    1",Kernel: SIMT,"18,378"
187,5.07,spmv_csr_row_per_thread,spmv_csr_row_per_thread..,12.42,0.63,12.44,66.28,40,"  512,    1,    1","  128,    1,    1",Kernel: SIMT,"18,553"
188,0.00,spmv_csr_row_per_thread,spmv_csr_row_per_thread..,12.29,0.00,12.51,66.97,40,"  512,    1,    1","  128,    1,    1",Kernel: SIMT,"18,390"
189,5.19,spmv_csr_row_per_thread,spmv_csr_row_per_thread..,12.19,0.63,12.20,67.44,40,"  512,    1,    1","  128,    1,    1",Kernel: SIMT,"18,235"
190,6.02,spmv_csr_row_per_thread,spmv_csr_row_per_thread..,12.54,0.75,11.72,65.67,40,"  512,    1,    1","  128,    1,    1",Kernel: SIMT,"18,772"
191,5.79,spmv_csr_row_per_thread,spmv_csr_row_per_thread..,12.26,0.71,12.51,67.05,40,"  512,    1,    1","  128,    1,    1",Kernel: SIMT,"18,357"
192,5.10,spmv_csr_row_per_thread,spmv_csr_row_per_thread..,12.58,0.64,12.18,65.52,40,"  512,    1,    1","  128,    1,    1",Kernel: SIMT,"18,793"
193,5.19,spmv_csr_row_per_thread,spmv_csr_row_per_thread..,12.48,0.65,12.43,65.97,40,"  512,    1,    1","  128,    1,    1",Kernel: SIMT,"18,635"
194,5.95,spmv_csr_row_per_thread,spmv_csr_row_per_thread..,11.97,0.71,12.05,68.90,40,"  512,    1,    1","  128,    1,    1",Kernel: SIMT,"17,847"
195,5.39,spmv_csr_row_per_thread,spmv_csr_row_per_thread..,12.13,0.65,12.39,67.76,40,"  512,    1,    1","  128,    1,    1",Kernel: SIMT,"18,149"
196,5.39,spmv_csr_row_per_thread,spmv_csr_row_per_thread..,12.13,0.65,12.03,67.92,40,"  512,    1,    1","  128,    1,    1",Kernel: SIMT,"18,073"
197,0.00,spmv_csr_row_per_thread,spmv_csr_row_per_thread..,12.06,0.00,12.33,68.24,40,"  512,    1,    1","  128,    1,    1",Kernel: SIMT,"18,000"
198,0.00,spmv_csr_row_per_thread,spmv_csr_row_per_thread..,12.35,0.00,12.45,66.59,40,"  512,    1,    1","  128,    1,    1",Kernel: SIMT,"18,447"
199,0.00,spmv_csr_row_per_thread,spmv_csr_row_per_thread..,12,0.00,10.17,68.49,40,"  512,    1,    1","  128,    1,    1",Kernel: SIMT,"17,920"
200,0.00,spmv_csr_row_per_thread,spmv_csr_row_per_thread..,12,0.00,12.47,68.78,40,"  512,    1,    1","  128,    1,    1",Kernel: SIMT,"17,873"
201,0.00,spmv_csr_row_per_thread,spmv_csr_row_per_thread..,11.94,0.00,11.99,68.90,40,"  512,    1,    1","  128,    1,    1",Kernel: SIMT,"17,799"
202,5.39,spmv_csr_row_per_thread,spmv_csr_row_per_thread..,12.03,0.65,12.40,68.24,40,"  512,    1,    1","  128,    1,    1",Kernel: SIMT,"18,000"
203,0.00,spmv_csr_row_per_thread,spmv_csr_row_per_thread..,12.10,0.00,12.44,67.92,40,"  512,    1,    1","  128,    1,    1",Kernel: SIMT,"18,073"
204,0.00,spmv_csr_row_per_thread,spmv_csr_row_per_thread..,11.97,0.00,12.39,68.65,40,"  512,    1,    1","  128,    1,    1",Kernel: SIMT,"17,891"
205,0.00,spmv_csr_row_per_thread,spmv_csr_row_per_thread..,11.97,0.00,12.51,68.82,40,"  512,    1,    1","  128,    1,    1",Kernel: SIMT,"17,875"
206,0.00,spmv_csr_row_per_thread,spmv_csr_row_per_thread..,11.94,0.00,12.41,68.93,40,"  512,    1,    1","  128,    1,    1",Kernel: SIMT,"17,833"
207,0.00,spmv_csr_row_per_thread,spmv_csr_row_per_thread..,12.13,0.00,12.12,67.92,40,"  512,    1,    1","  128,    1,    1",Kernel: SIMT,"18,118"
208,5.59,spmv_csr_row_per_thread,spmv_csr_row_per_thread..,12,0.67,12.45,68.74,40,"  512,    1,    1","  128,    1,    1",Kernel: SIMT,"17,906"
209,0.00,spmv_csr_row_per_thread,spmv_csr_row_per_thread..,11.94,0.00,12.35,69.13,40,"  512,    1,    1","  128,    1,    1",Kernel: SIMT,"17,836"
210,0.00,spmv_csr_row_per_thread,spmv_csr_row_per_thread..,12,0.00,12.42,68.49,40,"  512,    1,    1","  128,    1,    1",Kernel: SIMT,"17,966"
211,0.00,spmv_csr_row_per_thread,spmv_csr_row_per_thread..,11.97,0.00,12.25,68.82,40,"  512,    1,    1","  128,    1,    1",Kernel: SIMT,"17,871"
212,5.39,spmv_csr_row_per_thread,spmv_csr_row_per_thread..,11.97,0.64,12.42,68.98,40,"  512,    1,    1","  128,    1,    1",Kernel: SIMT,"17,844"
213,0.00,spmv_csr_row_per_thread,spmv_csr_row_per_thread..,12.19,0.00,12.45,67.44,40,"  512,    1,    1","  128,    1,    1",Kernel: SIMT,"18,154"
214,0.00,spmv_csr_row_per_thread,spmv_csr_row_per_thread..,12.26,0.00,12.49,67.05,40,"  512,    1,    1","  128,    1,    1",Kernel: SIMT,"18,275"
215,0.00,spmv_csr_row_per_thread,spmv_csr_row_per_thread..,12.06,0.00,12.08,68.24,40,"  512,    1,    1","  128,    1,    1",Kernel: SIMT,"17,992"
216,6.24,spmv_csr_row_per_thread,spmv_csr_row_per_thread..,11.97,0.75,12.32,68.81,40,"  512,    1,    1","  128,    1,    1",Kernel: SIMT,"17,853"
217,5.37,spmv_csr_row_per_thread,spmv_csr_row_per_thread..,11.90,0.64,12.38,69.07,40,"  512,    1,    1","  128,    1,    1",Kernel: SIMT,"17,801"
218,0.00,spmv_csr_row_per_thread,spmv_csr_row_per_thread..,12.29,0.00,12.33,66.89,40,"  512,    1,    1","  128,    1,    1",Kernel: SIMT,"18,383"
219,6.12,spmv_csr_row_per_thread,spmv_csr_row_per_thread..,12.03,0.74,12.49,68.65,40,"  512,    1,    1","  128,    1,    1",Kernel: SIMT,"17,942"
220,5.72,spmv_csr_row_per_thread,spmv_csr_row_per_thread..,12.45,0.71,12.32,66.28,40,"  256,    1,    1","  256,    1,    1",Kernel: SIMT,"18,530"
221,6.05,spmv_csr_row_per_thread,spmv_csr_row_per_thread..,12.29,0.74,12.10,66.97,40,"  256,    1,    1","  256,    1,    1",Kernel: SIMT,"18,248"
222,6.21,spmv_csr_row_per_thread,spmv_csr_row_per_thread..,12.10,0.75,12.39,68.03,40,"  256,    1,    1","  256,    1,    1",Kernel: SIMT,"17,979"
223,5.57,spmv_csr_row_per_thread,spmv_csr_row_per_thread..,12.26,0.68,12.17,66.89,40,"  256,    1,    1","  256,    1,    1",Kernel: SIMT,"18,302"
224,5.36,spmv_csr_row_per_thread,spmv_csr_row_per_thread..,12.19,0.65,12.28,67.52,40,"  256,    1,    1","  256,    1,    1",Kernel: SIMT,"18,201"
225,6.07,spmv_csr_row_per_thread,spmv_csr_row_per_thread..,12.13,0.74,12.11,67.84,40,"  256,    1,    1","  256,    1,    1",Kernel: SIMT,"18,137"
226,5.66,spmv_csr_row_per_thread,spmv_csr_row_per_thread..,12.26,0.69,12.11,67.21,40,"  256,    1,    1","  256,    1,    1",Kernel: SIMT,"18,247"
227,6.66,spmv_csr_row_per_thread,spmv_csr_row_per_thread..,12.38,0.82,12.27,66.51,40,"  256,    1,    1","  256,    1,    1",Kernel: SIMT,"18,441"
228,6.06,spmv_csr_row_per_thread,spmv_csr_row_per_thread..,12.13,0.73,12.30,67.84,40,"  256,    1,    1","  256,    1,    1",Kernel: SIMT,"18,104"
229,5.78,spmv_csr_row_per_thread,spmv_csr_row_per_thread..,12.26,0.71,12.21,67.05,40,"  256,    1,    1","  256,    1,    1",Kernel: SIMT,"18,321"
230,6.17,spmv_csr_row_per_thread,spmv_csr_row_per_thread..,12.22,0.75,12.29,67.34,40,"  256,    1,    1","  256,    1,    1",Kernel: SIMT,"18,274"
231,5.88,spmv_csr_row_per_thread,spmv_csr_row_per_thread..,12.38,0.73,12.36,66.43,40,"  256,    1,    1","  256,    1,    1",Kernel: SIMT,"18,515"
232,5.24,spmv_csr_row_per_thread,spmv_csr_row_per_thread..,12.48,0.65,12.23,65.84,40,"  256,    1,    1","  256,    1,    1",Kernel: SIMT,"18,610"
233,6.17,spmv_csr_row_per_thread,spmv_csr_row_per_thread..,12.19,0.75,12.04,67.60,40,"  256,    1,    1","  256,    1,    1",Kernel: SIMT,"18,196"
234,5.96,spmv_csr_row_per_thread,spmv_csr_row_per_thread..,12.29,0.73,12.17,66.90,40,"  256,    1,    1","  256,    1,    1",Kernel: SIMT,"18,377"
235,5.95,spmv_csr_row_per_thread,spmv_csr_row_per_thread..,12.58,0.75,12.13,65.52,40,"  256,    1,    1","  256,    1,    1",Kernel: SIMT,"18,775"
236,5.52,spmv_csr_row_per_thread,spmv_csr_row_per_thread..,12.48,0.69,12.32,65.97,40,"  256,    1,    1","  256,    1,    1",Kernel: SIMT,"18,650"
237,5.90,spmv_csr_row_per_thread,spmv_csr_row_per_thread..,12.29,0.72,12.31,66.90,40,"  256,    1,    1","  256,    1,    1",Kernel: SIMT,"18,407"
238,5.95,spmv_csr_row_per_thread,spmv_csr_row_per_thread..,12.51,0.74,12.36,65.83,40,"  256,    1,    1","  256,    1,    1",Kernel: SIMT,"18,601"
239,6.58,spmv_csr_row_per_thread,spmv_csr_row_per_thread..,12.22,0.80,12.32,67.21,40,"  256,    1,    1","  256,    1,    1",Kernel: SIMT,"18,234"
240,5.19,spmv_csr_row_per_thread,spmv_csr_row_per_thread..,12.35,0.64,12.23,66.63,40,"  256,    1,    1","  256,    1,    1",Kernel: SIMT,"18,461"
241,6.15,spmv_csr_row_per_thread,spmv_csr_row_per_thread..,12.16,0.75,12.09,67.60,40,"  256,    1,    1","  256,    1,    1",Kernel: SIMT,"18,150"
242,5.09,spmv_csr_row_per_thread,spmv_csr_row_per_thread..,12.13,0.62,12.26,68.00,40,"  256,    1,    1","  256,    1,    1",Kernel: SIMT,"18,052"
243,7.26,spmv_csr_row_per_thread,spmv_csr_row_per_thread..,12.48,0.91,12.35,65.92,40,"  256,    1,    1","  256,    1,    1",Kernel: SIMT,"18,614"
244,7.27,spmv_csr_row_per_thread,spmv_csr_row_per_thread..,12.35,0.90,12.36,66.66,40,"  256,    1,    1","  256,    1,    1",Kernel: SIMT,"18,415"
245,5.86,spmv_csr_row_per_thread,spmv_csr_row_per_thread..,12.38,0.73,12.10,66.59,40,"  256,    1,    1","  256,    1,    1",Kernel: SIMT,"18,494"
246,6.47,spmv_csr_row_per_thread,spmv_csr_row_per_thread..,12.26,0.79,12.29,67.21,40,"  256,    1,    1","  256,    1,    1",Kernel: SIMT,"18,284"
247,6.35,spmv_csr_row_per_thread,spmv_csr_row_per_thread..,12.22,0.78,12.18,67.21,40,"  256,    1,    1","  256,    1,    1",Kernel: SIMT,"18,283"
248,6.31,spmv_csr_row_per_thread,spmv_csr_row_per_thread..,12.29,0.78,12.27,66.90,40,"  256,    1,    1","  256,    1,    1",Kernel: SIMT,"18,391"
249,6.09,spmv_csr_row_per_thread,spmv_csr_row_per_thread..,12.67,0.77,12.26,65.01,40,"  256,    1,    1","  256,    1,    1",Kernel: SIMT,"18,893"
250,5.64,spmv_csr_row_per_thread,spmv_csr_row_per_thread..,12.32,0.69,12.33,66.66,40,"  256,    1,    1","  256,    1,    1",Kernel: SIMT,"18,404"
251,6.26,spmv_csr_row_per_thread,spmv_csr_row_per_thread..,12.29,0.77,12.27,66.90,40,"  256,    1,    1","  256,    1,    1",Kernel: SIMT,"18,360"
252,6.14,spmv_csr_row_per_thread,spmv_csr_row_per_thread..,12.19,0.75,12.22,67.37,40,"  256,    1,    1","  256,    1,    1",Kernel: SIMT,"18,213"
253,6.39,spmv_csr_row_per_thread,spmv_csr_row_per_thread..,12.22,0.78,12.29,67.42,40,"  256,    1,    1","  256,    1,    1",Kernel: SIMT,"18,248"
254,5.57,spmv_csr_row_per_thread,spmv_csr_row_per_thread..,12.51,0.70,12.13,65.75,40,"  256,    1,    1","  256,    1,    1",Kernel: SIMT,"18,678"
255,5.79,spmv_csr_row_per_thread,spmv_csr_row_per_thread..,12.35,0.72,12.16,66.61,40,"  256,    1,    1","  256,    1,    1",Kernel: SIMT,"18,428"
256,5.05,spmv_csr_row_per_thread,spmv_csr_row_per_thread..,12.35,0.62,12.27,66.82,40,"  256,    1,    1","  256,    1,    1",Kernel: SIMT,"18,409"
257,6.10,spmv_csr_row_per_thread,spmv_csr_row_per_thread..,12.35,0.75,12.34,66.59,40,"  256,    1,    1","  256,    1,    1",Kernel: SIMT,"18,427"
258,5.44,spmv_csr_row_per_thread,spmv_csr_row_per_thread..,12.77,0.69,12.28,64.64,40,"  256,    1,    1","  256,    1,    1",Kernel: SIMT,"19,026"
259,6.09,spmv_csr_row_per_thread,spmv_csr_row_per_thread..,12.42,0.76,12.19,66.28,40,"  256,    1,    1","  256,    1,    1",Kernel: SIMT,"18,551"
260,6.46,spmv_csr_row_per_thread,spmv_csr_row_per_thread..,12.19,0.79,11.91,67.55,40,"  256,    1,    1","  256,    1,    1",Kernel: SIMT,"18,214"
261,6.48,spmv_csr_row_per_thread,spmv_csr_row_per_thread..,12.32,0.80,12.21,66.66,40,"  256,    1,    1","  256,    1,    1",Kernel: SIMT,"18,429"
262,5.86,spmv_csr_row_per_thread,spmv_csr_row_per_thread..,12.32,0.72,12.33,66.89,40,"  256,    1,    1","  256,    1,    1",Kernel: SIMT,"18,427"
263,5.66,spmv_csr_row_per_thread,spmv_csr_row_per_thread..,12.38,0.70,12.26,66.59,40,"  256,    1,    1","  256,    1,    1",Kernel: SIMT,"18,496"
264,5.90,spmv_csr_row_per_thread,spmv_csr_row_per_thread..,12.35,0.73,12.16,66.66,40,"  256,    1,    1","  256,    1,    1",Kernel: SIMT,"18,445"
265,5.52,spmv_csr_row_per_thread,spmv_csr_row_per_thread..,12.29,0.68,12.24,67.13,40,"  256,    1,    1","  256,    1,    1",Kernel: SIMT,"18,331"
266,6.39,spmv_csr_row_per_thread,spmv_csr_row_per_thread..,12.32,0.79,12.20,66.85,40,"  256,    1,    1","  256,    1,    1",Kernel: SIMT,"18,413"
267,5.11,spmv_csr_row_per_thread,spmv_csr_row_per_thread..,12.16,0.62,12.19,67.68,40,"  256,    1,    1","  256,    1,    1",Kernel: SIMT,"18,144"
268,6.16,spmv_csr_row_per_thread,spmv_csr_row_per_thread..,12.10,0.74,12.08,67.84,40,"  256,    1,    1","  256,    1,    1",Kernel: SIMT,"18,128"
269,5.59,spmv_csr_row_per_thread,spmv_csr_row_per_thread..,12.03,0.67,11.89,68.24,40,"  256,    1,    1","  256,    1,    1",Kernel: SIMT,"17,994"
270,5.44,spmv_csr_row_per_thread,spmv_csr_row_per_thread..,12.22,0.67,12.30,67.21,40,"  256,    1,    1","  256,    1,    1",Kernel: SIMT,"18,291"
271,6.31,spmv_csr_row_per_thread,spmv_csr_row_per_thread..,12.16,0.77,12.22,67.52,40,"  256,    1,    1","  256,    1,    1",Kernel: SIMT,"18,193"
272,5.87,spmv_csr_row_per_thread,spmv_csr_row_per_thread..,12.19,0.72,12.25,67.76,40,"  256,    1,    1","  256,    1,    1",Kernel: SIMT,"18,137"
273,6.00,spmv_csr_row_per_thread,spmv_csr_row_per_thread..,12.19,0.73,12.23,67.52,40,"  256,    1,    1","  256,    1,    1",Kernel: SIMT,"18,136"
274,6.59,spmv_csr_row_per_thread,spmv_csr_row_per_thread..,12.32,0.81,11.91,66.82,40,"  256,    1,    1","  256,    1,    1",Kernel: SIMT,"18,398"
275,5.32,spmv_csr_row_per_thread,spmv_csr_row_per_thread..,12.22,0.65,12.26,67.21,40,"  256,    1,    1","  256,    1,    1",Kernel: SIMT,"18,316"
276,5.46,spmv_csr_row_per_thread,spmv_csr_row_per_thread..,12.22,0.67,12.24,67.39,40,"  256,    1,    1","  256,    1,    1",Kernel: SIMT,"18,167"
277,6.29,spmv_csr_row_per_thread,spmv_csr_row_per_thread..,12.42,0.78,12.23,66.28,40,"  256,    1,    1","  256,    1,    1",Kernel: SIMT,"18,479"
278,5.70,spmv_csr_row_per_thread,spmv_csr_row_per_thread..,12.16,0.69,12.39,67.54,40,"  256,    1,    1","  256,    1,    1",Kernel: SIMT,"18,175"
279,6.14,spmv_csr_row_per_thread,spmv_csr_row_per_thread..,12.26,0.75,12.27,67.36,40,"  256,    1,    1","  256,    1,    1",Kernel: SIMT,"18,266"
280,6.00,spmv_csr_row_per_thread,spmv_csr_row_per_thread..,12.35,0.74,12.21,66.74,40,"  256,    1,    1","  256,    1,    1",Kernel: SIMT,"18,427"
281,6.81,spmv_csr_row_per_thread,spmv_csr_row_per_thread..,12.19,0.83,12.22,67.52,40,"  256,    1,    1","  256,    1,    1",Kernel: SIMT,"18,190"
282,5.59,spmv_csr_row_per_thread,spmv_csr_row_per_thread..,12.29,0.69,12.27,67.13,40,"  256,    1,    1","  256,    1,    1",Kernel: SIMT,"18,292"
283,6.14,spmv_csr_row_per_thread,spmv_csr_row_per_thread..,12.32,0.76,12.18,66.82,40,"  256,    1,    1","  256,    1,    1",Kernel: SIMT,"18,385"
284,6.71,spmv_csr_row_per_thread,spmv_csr_row_per_thread..,12.29,0.82,12.29,67.21,40,"  256,    1,    1","  256,    1,    1",Kernel: SIMT,"18,302"
285,6.21,spmv_csr_row_per_thread,spmv_csr_row_per_thread..,12.26,0.76,12.18,67.29,40,"  256,    1,    1","  256,    1,    1",Kernel: SIMT,"18,272"
286,6.44,spmv_csr_row_per_thread,spmv_csr_row_per_thread..,12.32,0.79,12.32,66.82,40,"  256,    1,    1","  256,    1,    1",Kernel: SIMT,"18,387"
287,5.50,spmv_csr_row_per_thread,spmv_csr_row_per_thread..,12.26,0.67,12.17,67.09,40,"  256,    1,    1","  256,    1,    1",Kernel: SIMT,"18,347"
288,6.29,spmv_csr_row_per_thread,spmv_csr_row_per_thread..,12.35,0.78,12.29,66.59,40,"  256,    1,    1","  256,    1,    1",Kernel: SIMT,"18,478"
289,6.29,spmv_csr_row_per_thread,spmv_csr_row_per_thread..,12.26,0.77,12.15,67.13,40,"  256,    1,    1","  256,    1,    1",Kernel: SIMT,"18,336"
290,5.77,spmv_csr_row_per_thread,spmv_csr_row_per_thread..,12.45,0.72,12.29,66.13,40,"  256,    1,    1","  256,    1,    1",Kernel: SIMT,"18,606"
291,5.25,spmv_csr_row_per_thread,spmv_csr_row_per_thread..,12.29,0.64,12.18,66.89,40,"  256,    1,    1","  256,    1,    1",Kernel: SIMT,"18,381"
292,5.38,spmv_csr_row_per_thread,spmv_csr_row_per_thread..,12.22,0.66,12.23,67.29,40,"  256,    1,    1","  256,    1,    1",Kernel: SIMT,"18,285"
293,6.12,spmv_csr_row_per_thread,spmv_csr_row_per_thread..,12.16,0.74,12.29,67.52,40,"  256,    1,    1","  256,    1,    1",Kernel: SIMT,"18,113"
294,5.62,spmv_csr_row_per_thread,spmv_csr_row_per_thread..,12.32,0.69,12.26,66.82,40,"  256,    1,    1","  256,    1,    1",Kernel: SIMT,"18,377"
295,6.07,spmv_csr_row_per_thread,spmv_csr_row_per_thread..,12.38,0.75,12.28,66.59,40,"  256,    1,    1","  256,    1,    1",Kernel: SIMT,"18,466"
296,6.12,spmv_csr_row_per_thread,spmv_csr_row_per_thread..,12.54,0.77,12.19,65.67,40,"  256,    1,    1","  256,    1,    1",Kernel: SIMT,"18,688"
297,5.63,spmv_csr_row_per_thread,spmv_csr_row_per_thread..,12.19,0.69,12.24,67.55,40,"  256,    1,    1","  256,    1,    1",Kernel: SIMT,"18,235"
298,6.73,spmv_csr_row_per_thread,spmv_csr_row_per_thread..,12.35,0.83,12.24,66.59,40,"  256,    1,    1","  256,    1,    1",Kernel: SIMT,"18,474"
299,6.51,spmv_csr_row_per_thread,spmv_csr_row_per_thread..,12.19,0.79,12.25,67.60,40,"  256,    1,    1","  256,    1,    1",Kernel: SIMT,"18,199"
300,5.61,spmv_csr_row_per_thread,spmv_csr_row_per_thread..,12.26,0.69,12.23,67.21,40,"  256,    1,    1","  256,    1,    1",Kernel: SIMT,"18,324"
301,5.69,spmv_csr_row_per_thread,spmv_csr_row_per_thread..,12.26,0.70,12.07,67.05,40,"  256,    1,    1","  256,    1,    1",Kernel: SIMT,"18,334"
302,5.98,spmv_csr_row_per_thread,spmv_csr_row_per_thread..,12.22,0.73,11.70,67.36,40,"  256,    1,    1","  256,    1,    1",Kernel: SIMT,"18,273"
303,6.15,spmv_csr_row_per_thread,spmv_csr_row_per_thread..,12.38,0.76,12.18,66.51,40,"  256,    1,    1","  256,    1,    1",Kernel: SIMT,"18,427"
304,6.13,spmv_csr_row_per_thread,spmv_csr_row_per_thread..,12.16,0.75,12.30,67.68,40,"  256,    1,    1","  256,    1,    1",Kernel: SIMT,"18,138"
305,6.14,spmv_csr_row_per_thread,spmv_csr_row_per_thread..,12.29,0.75,12.25,66.90,40,"  256,    1,    1","  256,    1,    1",Kernel: SIMT,"18,299"
306,5.89,spmv_csr_row_per_thread,spmv_csr_row_per_thread..,12.42,0.73,12.25,66.28,40,"  256,    1,    1","  256,    1,    1",Kernel: SIMT,"18,497"
307,5.92,spmv_csr_row_per_thread,spmv_csr_row_per_thread..,12.10,0.72,12.21,68.08,40,"  256,    1,    1","  256,    1,    1",Kernel: SIMT,"18,077"
308,5.03,spmv_csr_row_per_thread,spmv_csr_row_per_thread..,12.22,0.61,12.21,67.29,40,"  256,    1,    1","  256,    1,    1",Kernel: SIMT,"18,228"
309,5.49,spmv_csr_row_per_thread,spmv_csr_row_per_thread..,12.48,0.69,12.12,65.97,40,"  256,    1,    1","  256,    1,    1",Kernel: SIMT,"18,638"
310,6.22,spmv_csr_row_per_thread,spmv_csr_row_per_thread..,12.45,0.77,12.27,66.28,40,"  256,    1,    1","  256,    1,    1",Kernel: SIMT,"18,558"
311,5.94,spmv_csr_row_per_thread,spmv_csr_row_per_thread..,12.45,0.74,12.27,66.16,40,"  256,    1,    1","  256,    1,    1",Kernel: SIMT,"18,558"
312,5.16,spmv_csr_row_per_thread,spmv_csr_row_per_thread..,12.16,0.63,12.00,67.84,40,"  256,    1,    1","  256,    1,    1",Kernel: SIMT,"18,118"
313,5.72,spmv_csr_row_per_thread,spmv_csr_row_per_thread..,12.26,0.70,12.08,67.21,40,"  256,    1,    1","  256,    1,    1",Kernel: SIMT,"18,297"
314,6.72,spmv_csr_row_per_thread,spmv_csr_row_per_thread..,12.22,0.82,12.24,67.05,40,"  256,    1,    1","  256,    1,    1",Kernel: SIMT,"18,296"
315,6.29,spmv_csr_row_per_thread,spmv_csr_row_per_thread..,12.48,0.79,12.17,65.97,40,"  256,    1,    1","  256,    1,    1",Kernel: SIMT,"18,651"
316,6.58,spmv_csr_row_per_thread,spmv_csr_row_per_thread..,12.06,0.79,12.19,68.16,40,"  256,    1,    1","  256,    1,    1",Kernel: SIMT,"18,047"
317,5.32,spmv_csr_row_per_thread,spmv_csr_row_per_thread..,12.19,0.65,12.30,67.52,40,"  256,    1,    1","  256,    1,    1",Kernel: SIMT,"18,170"
318,5.41,spmv_csr_row_per_thread,spmv_csr_row_per_thread..,12.16,0.66,12.23,67.76,40,"  256,    1,    1","  256,    1,    1",Kernel: SIMT,"18,103"
319,6.45,spmv_csr_row_per_thread,spmv_csr_row_per_thread..,12.38,0.80,12.15,66.59,40,"  256,    1,    1","  256,    1,    1",Kernel: SIMT,"18,407"
320,6.74,spmv_csr_row_per_thread,spmv_csr_row_per_thread..,12.38,0.84,12.14,66.59,40,"  256,    1,    1","  256,    1,    1",Kernel: SIMT,"18,435"
321,5.12,spmv_csr_row_per_thread,spmv_csr_row_per_thread..,12.26,0.63,11.94,67.05,40,"  256,    1,    1","  256,    1,    1",Kernel: SIMT,"18,301"
322,5.84,spmv_csr_row_per_thread,spmv_csr_row_per_thread..,12.32,0.72,12.05,66.82,40,"  256,    1,    1","  256,    1,    1",Kernel: SIMT,"18,379"
323,6.90,spmv_csr_row_per_thread,spmv_csr_row_per_thread..,12.67,0.87,12.22,64.93,40,"  256,    1,    1","  256,    1,    1",Kernel: SIMT,"18,900"
324,6.71,spmv_csr_row_per_thread,spmv_csr_row_per_thread..,12.38,0.83,11.94,66.35,40,"  256,    1,    1","  256,    1,    1",Kernel: SIMT,"18,499"
325,6.36,spmv_csr_row_per_thread,spmv_csr_row_per_thread..,12.64,0.80,12.26,65.30,40,"  256,    1,    1","  256,    1,    1",Kernel: SIMT,"18,836"
326,6.22,spmv_csr_row_per_thread,spmv_csr_row_per_thread..,12.19,0.76,12.33,67.45,40,"  256,    1,    1","  256,    1,    1",Kernel: SIMT,"18,258"
327,6.27,spmv_csr_row_per_thread,spmv_csr_row_per_thread..,12.13,0.76,12.26,67.84,40,"  256,    1,    1","  256,    1,    1",Kernel: SIMT,"18,055"
328,6.28,spmv_csr_row_per_thread,spmv_csr_row_per_thread..,12.22,0.77,12.20,67.29,40,"  256,    1,    1","  256,    1,    1",Kernel: SIMT,"18,234"
329,5.40,spmv_csr_row_per_thread,spmv_csr_row_per_thread..,12.51,0.68,12.30,65.90,40,"  256,    1,    1","  256,    1,    1",Kernel: SIMT,"18,605"
330,5.18,spmv_csr_row_per_thread,spmv_csr_row_per_thread..,12.26,0.64,12.18,67.13,40,"  128,    1,    1","  512,    1,    1",Kernel: SIMT,"18,284"
331,6.45,spmv_csr_row_per_thread,spmv_csr_row_per_thread..,12.19,0.79,12.16,67.72,40,"  128,    1,    1","  512,    1,    1",Kernel: SIMT,"18,177"
332,0.00,spmv_csr_row_per_thread,spmv_csr_row_per_thread..,12.35,0.00,11.96,66.66,40,"  128,    1,    1","  512,    1,    1",Kernel: SIMT,"18,427"
333,5.15,spmv_csr_row_per_thread,spmv_csr_row_per_thread..,12.26,0.63,12.21,67.13,40,"  128,    1,    1","  512,    1,    1",Kernel: SIMT,"18,299"
334,5.93,spmv_csr_row_per_thread,spmv_csr_row_per_thread..,12.16,0.72,12.06,67.76,40,"  128,    1,    1","  512,    1,    1",Kernel: SIMT,"18,185"
335,5.68,spmv_csr_row_per_thread,spmv_csr_row_per_thread..,12.29,0.70,12.17,67.05,40,"  128,    1,    1","  512,    1,    1",Kernel: SIMT,"18,357"
336,6.69,spmv_csr_row_per_thread,spmv_csr_row_per_thread..,12.38,0.83,12.07,66.43,40,"  128,    1,    1","  512,    1,    1",Kernel: SIMT,"18,528"
337,5.25,spmv_csr_row_per_thread,spmv_csr_row_per_thread..,12.22,0.64,12.02,67.21,40,"  128,    1,    1","  512,    1,    1",Kernel: SIMT,"18,249"
338,5.50,spmv_csr_row_per_thread,spmv_csr_row_per_thread..,12.10,0.67,12.23,68.08,40,"  128,    1,    1","  512,    1,    1",Kernel: SIMT,"18,062"
339,0.00,spmv_csr_row_per_thread,spmv_csr_row_per_thread..,12.19,0.00,12.17,67.29,40,"  128,    1,    1","  512,    1,    1",Kernel: SIMT,"18,244"
340,5.41,spmv_csr_row_per_thread,spmv_csr_row_per_thread..,12.26,0.66,12.32,67.21,40,"  128,    1,    1","  512,    1,    1",Kernel: SIMT,"18,289"
341,6.18,spmv_csr_row_per_thread,spmv_csr_row_per_thread..,12.16,0.75,12.13,67.63,40,"  128,    1,    1","  512,    1,    1",Kernel: SIMT,"18,165"
342,6.66,spmv_csr_row_per_thread,spmv_csr_row_per_thread..,12.26,0.82,12.34,67.13,40,"  128,    1,    1","  512,    1,    1",Kernel: SIMT,"18,264"
343,5.69,spmv_csr_row_per_thread,spmv_csr_row_per_thread..,12.16,0.69,12.30,67.76,40,"  128,    1,    1","  512,    1,    1",Kernel: SIMT,"18,127"
344,5.40,spmv_csr_row_per_thread,spmv_csr_row_per_thread..,12.22,0.66,12.19,67.21,40,"  128,    1,    1","  512,    1,    1",Kernel: SIMT,"18,269"
345,6.67,spmv_csr_row_per_thread,spmv_csr_row_per_thread..,12.42,0.83,12.15,66.13,40,"  128,    1,    1","  512,    1,    1",Kernel: SIMT,"18,570"
346,5.34,spmv_csr_row_per_thread,spmv_csr_row_per_thread..,12.22,0.65,12.34,67.21,40,"  128,    1,    1","  512,    1,    1",Kernel: SIMT,"18,255"
347,5.58,spmv_csr_row_per_thread,spmv_csr_row_per_thread..,12.19,0.68,12.35,67.36,40,"  128,    1,    1","  512,    1,    1",Kernel: SIMT,"18,225"
348,0.00,spmv_csr_row_per_thread,spmv_csr_row_per_thread..,12.35,0.00,12.39,66.66,40,"  128,    1,    1","  512,    1,    1",Kernel: SIMT,"18,420"
349,5.07,spmv_csr_row_per_thread,spmv_csr_row_per_thread..,12.29,0.62,12.30,66.97,40,"  128,    1,    1","  512,    1,    1",Kernel: SIMT,"18,336"
350,5.83,spmv_csr_row_per_thread,spmv_csr_row_per_thread..,12.26,0.71,12.17,67.21,40,"  128,    1,    1","  512,    1,    1",Kernel: SIMT,"18,272"
351,5.40,spmv_csr_row_per_thread,spmv_csr_row_per_thread..,12.42,0.67,12.31,66.43,40,"  128,    1,    1","  512,    1,    1",Kernel: SIMT,"18,514"
352,6.51,spmv_csr_row_per_thread,spmv_csr_row_per_thread..,12.19,0.79,12.21,67.52,40,"  128,    1,    1","  512,    1,    1",Kernel: SIMT,"18,182"
353,5.30,spmv_csr_row_per_thread,spmv_csr_row_per_thread..,12.26,0.65,12.33,67.21,40,"  128,    1,    1","  512,    1,    1",Kernel: SIMT,"18,271"
354,6.40,spmv_csr_row_per_thread,spmv_csr_row_per_thread..,12.22,0.78,12.34,67.45,40,"  128,    1,    1","  512,    1,    1",Kernel: SIMT,"18,206"
355,6.29,spmv_csr_row_per_thread,spmv_csr_row_per_thread..,12.38,0.78,11.79,66.51,40,"  128,    1,    1","  512,    1,    1",Kernel: SIMT,"18,472"
356,5.45,spmv_csr_row_per_thread,spmv_csr_row_per_thread..,12.29,0.67,12.13,66.89,40,"  128,    1,    1","  512,    1,    1",Kernel: SIMT,"18,359"
357,0.00,spmv_csr_row_per_thread,spmv_csr_row_per_thread..,12.26,0.00,12.32,67.05,40,"  128,    1,    1","  512,    1,    1",Kernel: SIMT,"18,309"
358,5.13,spmv_csr_row_per_thread,spmv_csr_row_per_thread..,12.22,0.63,12.18,67.45,40,"  128,    1,    1","  512,    1,    1",Kernel: SIMT,"18,269"
359,6.29,spmv_csr_row_per_thread,spmv_csr_row_per_thread..,12.35,0.78,12.13,66.59,40,"  128,    1,    1","  512,    1,    1",Kernel: SIMT,"18,413"
360,5.36,spmv_csr_row_per_thread,spmv_csr_row_per_thread..,12.19,0.65,12.37,67.29,40,"  128,    1,    1","  512,    1,    1",Kernel: SIMT,"18,187"
361,5.53,spmv_csr_row_per_thread,spmv_csr_row_per_thread..,12.16,0.67,12.40,67.84,40,"  128,    1,    1","  512,    1,    1",Kernel: SIMT,"18,091"
362,5.74,spmv_csr_row_per_thread,spmv_csr_row_per_thread..,12.26,0.70,12.06,67.21,40,"  128,    1,    1","  512,    1,    1",Kernel: SIMT,"18,257"
363,5.74,spmv_csr_row_per_thread,spmv_csr_row_per_thread..,12.19,0.70,11.97,67.60,40,"  128,    1,    1","  512,    1,    1",Kernel: SIMT,"18,145"
364,5.75,spmv_csr_row_per_thread,spmv_csr_row_per_thread..,12.16,0.70,12.27,67.92,40,"  128,    1,    1","  512,    1,    1",Kernel: SIMT,"18,166"
365,0.00,spmv_csr_row_per_thread,spmv_csr_row_per_thread..,12.35,0.00,12.32,66.66,40,"  128,    1,    1","  512,    1,    1",Kernel: SIMT,"18,422"
366,5.82,spmv_csr_row_per_thread,spmv_csr_row_per_thread..,12.13,0.71,12.27,67.92,40,"  128,    1,    1","  512,    1,    1",Kernel: SIMT,"18,070"
367,6.25,spmv_csr_row_per_thread,spmv_csr_row_per_thread..,12.13,0.76,12.05,67.84,40,"  128,    1,    1","  512,    1,    1",Kernel: SIMT,"18,095"
368,5.02,spmv_csr_row_per_thread,spmv_csr_row_per_thread..,12.26,0.62,12.28,67.13,40,"  128,    1,    1","  512,    1,    1",Kernel: SIMT,"18,287"
369,6.32,spmv_csr_row_per_thread,spmv_csr_row_per_thread..,12.29,0.78,12.30,66.89,40,"  128,    1,    1","  512,    1,    1",Kernel: SIMT,"18,359"
370,5.99,spmv_csr_row_per_thread,spmv_csr_row_per_thread..,12.22,0.73,12.23,67.29,40,"  128,    1,    1","  512,    1,    1",Kernel: SIMT,"18,278"
371,5.54,spmv_csr_row_per_thread,spmv_csr_row_per_thread..,12.32,0.68,12.30,66.97,40,"  128,    1,    1","  512,    1,    1",Kernel: SIMT,"18,312"
372,6.09,spmv_csr_row_per_thread,spmv_csr_row_per_thread..,12.26,0.75,12.31,66.97,40,"  128,    1,    1","  512,    1,    1",Kernel: SIMT,"18,281"
373,6.39,spmv_csr_row_per_thread,spmv_csr_row_per_thread..,12.26,0.78,12.29,67.13,40,"  128,    1,    1","  512,    1,    1",Kernel: SIMT,"18,300"
374,0.00,spmv_csr_row_per_thread,spmv_csr_row_per_thread..,12.45,0.00,12.27,66.28,40,"  128,    1,    1","  512,    1,    1",Kernel: SIMT,"18,577"
375,5.33,spmv_csr_row_per_thread,spmv_csr_row_per_thread..,12.32,0.66,12.29,66.74,40,"  128,    1,    1","  512,    1,    1",Kernel: SIMT,"18,388"
376,6.82,spmv_csr_row_per_thread,spmv_csr_row_per_thread..,12.22,0.83,12.33,67.44,40,"  128,    1,    1","  512,    1,    1",Kernel: SIMT,"18,193"
377,0.00,spmv_csr_row_per_thread,spmv_csr_row_per_thread..,12.26,0.00,12.28,67.05,40,"  128,    1,    1","  512,    1,    1",Kernel: SIMT,"18,295"
378,5.41,spmv_csr_row_per_thread,spmv_csr_row_per_thread..,12.38,0.67,11.90,66.59,40,"  128,    1,    1","  512,    1,    1",Kernel: SIMT,"18,481"
379,6.27,spmv_csr_row_per_thread,spmv_csr_row_per_thread..,12.32,0.77,12.44,67.03,40,"  128,    1,    1","  512,    1,    1",Kernel: SIMT,"18,307"
380,0.00,spmv_csr_row_per_thread,spmv_csr_row_per_thread..,12.19,0.00,12.20,67.52,40,"  128,    1,    1","  512,    1,    1",Kernel: SIMT,"18,217"
381,6.52,spmv_csr_row_per_thread,spmv_csr_row_per_thread..,12.32,0.80,12.13,66.89,40,"  128,    1,    1","  512,    1,    1",Kernel: SIMT,"18,361"
382,5.55,spmv_csr_row_per_thread,spmv_csr_row_per_thread..,12.42,0.69,12.23,66.45,40,"  128,    1,    1","  512,    1,    1",Kernel: SIMT,"18,521"
383,6.21,spmv_csr_row_per_thread,spmv_csr_row_per_thread..,12.35,0.77,12.34,66.66,40,"  128,    1,    1","  512,    1,    1",Kernel: SIMT,"18,417"
384,5.44,spmv_csr_row_per_thread,spmv_csr_row_per_thread..,12.22,0.67,12.29,67.36,40,"  128,    1,    1","  512,    1,    1",Kernel: SIMT,"18,246"
385,6.81,spmv_csr_row_per_thread,spmv_csr_row_per_thread..,12.48,0.85,12.43,66.05,40,"  128,    1,    1","  512,    1,    1",Kernel: SIMT,"18,603"
386,5.44,spmv_csr_row_per_thread,spmv_csr_row_per_thread..,12.64,0.69,12.37,65.08,40,"  128,    1,    1","  512,    1,    1",Kernel: SIMT,"18,847"
387,6.17,spmv_csr_row_per_thread,spmv_csr_row_per_thread..,12.19,0.75,12.21,67.24,40,"  128,    1,    1","  512,    1,    1",Kernel: SIMT,"18,238"
388,7.19,spmv_csr_row_per_thread,spmv_csr_row_per_thread..,12.26,0.88,12.17,67.13,40,"  128,    1,    1","  512,    1,    1",Kernel: SIMT,"18,329"
389,5.50,spmv_csr_row_per_thread,spmv_csr_row_per_thread..,12.26,0.67,12.14,67.21,40,"  128,    1,    1","  512,    1,    1",Kernel: SIMT,"18,319"
390,5.20,spmv_csr_row_per_thread,spmv_csr_row_per_thread..,12.38,0.64,12.29,66.51,40,"  128,    1,    1","  512,    1,    1",Kernel: SIMT,"18,524"
391,5.52,spmv_csr_row_per_thread,spmv_csr_row_per_thread..,12.35,0.68,12.25,66.59,40,"  128,    1,    1","  512,    1,    1",Kernel: SIMT,"18,465"
392,5.61,spmv_csr_row_per_thread,spmv_csr_row_per_thread..,12.26,0.69,12.34,67.05,40,"  128,    1,    1","  512,    1,    1",Kernel: SIMT,"18,260"
393,6.00,spmv_csr_row_per_thread,spmv_csr_row_per_thread..,12.35,0.74,12.22,68.06,40,"  128,    1,    1","  512,    1,    1",Kernel: SIMT,"18,413"
394,5.04,spmv_csr_row_per_thread,spmv_csr_row_per_thread..,12.32,0.62,12.30,66.89,40,"  128,    1,    1","  512,    1,    1",Kernel: SIMT,"18,355"
395,6.88,spmv_csr_row_per_thread,spmv_csr_row_per_thread..,12.29,0.85,12.33,66.89,40,"  128,    1,    1","  512,    1,    1",Kernel: SIMT,"18,349"
396,6.03,spmv_csr_row_per_thread,spmv_csr_row_per_thread..,12.29,0.74,12.31,66.97,40,"  128,    1,    1","  512,    1,    1",Kernel: SIMT,"18,338"
397,6.91,spmv_csr_row_per_thread,spmv_csr_row_per_thread..,12.29,0.85,12.31,67.05,40,"  128,    1,    1","  512,    1,    1",Kernel: SIMT,"18,358"
398,5.96,spmv_csr_row_per_thread,spmv_csr_row_per_thread..,12.29,0.73,11.97,66.97,40,"  128,    1,    1","  512,    1,    1",Kernel: SIMT,"18,330"
399,5.82,spmv_csr_row_per_thread,spmv_csr_row_per_thread..,12.26,0.71,12.24,67.21,40,"  128,    1,    1","  512,    1,    1",Kernel: SIMT,"18,287"
400,5.57,spmv_csr_row_per_thread,spmv_csr_row_per_thread..,12.32,0.69,12.13,66.75,40,"  128,    1,    1","  512,    1,    1",Kernel: SIMT,"18,414"
401,5.16,spmv_csr_row_per_thread,spmv_csr_row_per_thread..,12.19,0.63,12.29,67.52,40,"  128,    1,    1","  512,    1,    1",Kernel: SIMT,"18,186"
402,5.61,spmv_csr_row_per_thread,spmv_csr_row_per_thread..,12.42,0.70,12.16,66.36,40,"  128,    1,    1","  512,    1,    1",Kernel: SIMT,"18,515"
403,5.31,spmv_csr_row_per_thread,spmv_csr_row_per_thread..,12.22,0.65,11.96,67.29,40,"  128,    1,    1","  512,    1,    1",Kernel: SIMT,"18,266"
404,5.51,spmv_csr_row_per_thread,spmv_csr_row_per_thread..,12.10,0.67,12.26,68.00,40,"  128,    1,    1","  512,    1,    1",Kernel: SIMT,"18,065"
405,5.33,spmv_csr_row_per_thread,spmv_csr_row_per_thread..,12.32,0.66,11.83,66.89,40,"  128,    1,    1","  512,    1,    1",Kernel: SIMT,"18,387"
406,5.25,spmv_csr_row_per_thread,spmv_csr_row_per_thread..,12.22,0.64,12.24,67.37,40,"  128,    1,    1","  512,    1,    1",Kernel: SIMT,"18,229"
407,6.07,spmv_csr_row_per_thread,spmv_csr_row_per_thread..,12.38,0.75,12.28,66.43,40,"  128,    1,    1","  512,    1,    1",Kernel: SIMT,"18,493"
408,5.89,spmv_csr_row_per_thread,spmv_csr_row_per_thread..,12.19,0.72,12.28,67.44,40,"  128,    1,    1","  512,    1,    1",Kernel: SIMT,"18,213"
409,5.16,spmv_csr_row_per_thread,spmv_csr_row_per_thread..,12.38,0.64,12.18,66.51,40,"  128,    1,    1","  512,    1,    1",Kernel: SIMT,"18,503"
410,5.10,spmv_csr_row_per_thread,spmv_csr_row_per_thread..,12.22,0.62,12.20,67.44,40,"  128,    1,    1","  512,    1,    1",Kernel: SIMT,"18,265"
411,7.24,spmv_csr_row_per_thread,spmv_csr_row_per_thread..,12.22,0.89,12.21,67.36,40,"  128,    1,    1","  512,    1,    1",Kernel: SIMT,"18,250"
412,5.09,spmv_csr_row_per_thread,spmv_csr_row_per_thread..,12.22,0.62,12.09,67.13,40,"  128,    1,    1","  512,    1,    1",Kernel: SIMT,"18,305"
413,5.57,spmv_csr_row_per_thread,spmv_csr_row_per_thread..,12.16,0.68,12.39,67.68,40,"  128,    1,    1","  512,    1,    1",Kernel: SIMT,"18,090"
414,5.19,spmv_csr_row_per_thread,spmv_csr_row_per_thread..,12.22,0.63,12.11,67.21,40,"  128,    1,    1","  512,    1,    1",Kernel: SIMT,"18,269"
415,0.00,spmv_csr_row_per_thread,spmv_csr_row_per_thread..,12.19,0.00,12.01,67.55,40,"  128,    1,    1","  512,    1,    1",Kernel: SIMT,"18,215"
416,6.14,spmv_csr_row_per_thread,spmv_csr_row_per_thread..,12.13,0.74,12.29,67.84,40,"  128,    1,    1","  512,    1,    1",Kernel: SIMT,"18,132"
417,5.96,spmv_csr_row_per_thread,spmv_csr_row_per_thread..,12.26,0.73,12.12,67.21,40,"  128,    1,    1","  512,    1,    1",Kernel: SIMT,"18,299"
418,7.18,spmv_csr_row_per_thread,spmv_csr_row_per_thread..,12.19,0.87,12.18,67.52,40,"  128,    1,    1","  512,    1,    1",Kernel: SIMT,"18,195"
419,5.54,spmv_csr_row_per_thread,spmv_csr_row_per_thread..,12.22,0.68,12.40,67.29,40,"  128,    1,    1","  512,    1,    1",Kernel: SIMT,"18,264"
420,5.12,spmv_csr_row_per_thread,spmv_csr_row_per_thread..,12.32,0.63,12.25,66.82,40,"  128,    1,    1","  512,    1,    1",Kernel: SIMT,"18,402"
421,5.30,spmv_csr_row_per_thread,spmv_csr_row_per_thread..,12.29,0.65,12.23,66.97,40,"  128,    1,    1","  512,    1,    1",Kernel: SIMT,"18,360"
422,0.00,spmv_csr_row_per_thread,spmv_csr_row_per_thread..,12.29,0.00,12.03,67.05,40,"  128,    1,    1","  512,    1,    1",Kernel: SIMT,"18,340"
423,5.39,spmv_csr_row_per_thread,spmv_csr_row_per_thread..,12.35,0.67,12.19,66.59,40,"  128,    1,    1","  512,    1,    1",Kernel: SIMT,"18,455"
424,0.00,spmv_csr_row_per_thread,spmv_csr_row_per_thread..,12.29,0.00,12.13,66.89,40,"  128,    1,    1","  512,    1,    1",Kernel: SIMT,"18,384"
425,7.13,spmv_csr_row_per_thread,spmv_csr_row_per_thread..,12.16,0.87,12.44,67.52,40,"  128,    1,    1","  512,    1,    1",Kernel: SIMT,"18,137"
426,5.09,spmv_csr_row_per_thread,spmv_csr_row_per_thread..,12.29,0.63,12.12,67.00,40,"  128,    1,    1","  512,    1,    1",Kernel: SIMT,"18,311"
427,6.49,spmv_csr_row_per_thread,spmv_csr_row_per_thread..,12.19,0.79,12.35,67.52,40,"  128,    1,    1","  512,    1,    1",Kernel: SIMT,"18,192"
428,5.45,spmv_csr_row_per_thread,spmv_csr_row_per_thread..,12.19,0.66,12.28,67.55,40,"  128,    1,    1","  512,    1,    1",Kernel: SIMT,"18,207"
429,5.44,spmv_csr_row_per_thread,spmv_csr_row_per_thread..,12.26,0.67,12.30,67.21,40,"  128,    1,    1","  512,    1,    1",Kernel: SIMT,"18,294"
430,5.58,spmv_csr_row_per_thread,spmv_csr_row_per_thread..,12.22,0.68,11.98,67.13,40,"  128,    1,    1","  512,    1,    1",Kernel: SIMT,"18,257"
431,6.89,spmv_csr_row_per_thread,spmv_csr_row_per_thread..,12.35,0.85,12.27,66.74,40,"  128,    1,    1","  512,    1,    1",Kernel: SIMT,"18,423"
432,5.82,spmv_csr_row_per_thread,spmv_csr_row_per_thread..,12.29,0.72,11.95,66.97,40,"  128,    1,    1","  512,    1,    1",Kernel: SIMT,"18,328"
433,0.00,spmv_csr_row_per_thread,spmv_csr_row_per_thread..,12.29,0.00,12.19,66.90,40,"  128,    1,    1","  512,    1,    1",Kernel: SIMT,"18,374"
434,5.73,spmv_csr_row_per_thread,spmv_csr_row_per_thread..,12.29,0.70,12.21,67.13,40,"  128,    1,    1","  512,    1,    1",Kernel: SIMT,"18,313"
435,5.14,spmv_csr_row_per_thread,spmv_csr_row_per_thread..,12.29,0.63,12.33,67.15,40,"  128,    1,    1","  512,    1,    1",Kernel: SIMT,"18,334"
436,5.32,spmv_csr_row_per_thread,spmv_csr_row_per_thread..,12.22,0.65,12.29,67.21,40,"  128,    1,    1","  512,    1,    1",Kernel: SIMT,"18,265"
437,6.20,spmv_csr_row_per_thread,spmv_csr_row_per_thread..,12.22,0.76,12.29,67.23,40,"  128,    1,    1","  512,    1,    1",Kernel: SIMT,"18,242"
438,6.27,spmv_csr_row_per_thread,spmv_csr_row_per_thread..,12.16,0.76,12.26,67.88,40,"  128,    1,    1","  512,    1,    1",Kernel: SIMT,"18,115"
439,5.06,spmv_csr_row_per_thread,spmv_csr_row_per_thread..,12.22,0.62,12.33,67.21,40,"  128,    1,    1","  512,    1,    1",Kernel: SIMT,"18,306"
440,5.35,spmv_csr_warp_per_row,spmv_csr_warp_per_row..,68.93,3.69,80.65,28.56,40,"32768,    1,    1","   64,    1,    1",Kernel: SIMT,"103,296"
441,0.00,spmv_csr_warp_per_row,spmv_csr_warp_per_row..,69.06,0.00,80.61,28.55,40,"32768,    1,    1","   64,    1,    1",Kernel: SIMT,"103,525"
442,0.00,spmv_csr_warp_per_row,spmv_csr_warp_per_row..,68.96,0.00,80.67,28.57,40,"32768,    1,    1","   64,    1,    1",Kernel: SIMT,"103,337"
443,0.00,spmv_csr_warp_per_row,spmv_csr_warp_per_row..,68.93,0.00,80.61,28.55,40,"32768,    1,    1","   64,    1,    1",Kernel: SIMT,"103,328"
444,0.00,spmv_csr_warp_per_row,spmv_csr_warp_per_row..,69.06,0.00,80.63,28.56,40,"32768,    1,    1","   64,    1,    1",Kernel: SIMT,"103,517"
445,5.81,spmv_csr_warp_per_row,spmv_csr_warp_per_row..,68.93,4.01,80.64,28.56,40,"32768,    1,    1","   64,    1,    1",Kernel: SIMT,"103,284"
446,5.09,spmv_csr_warp_per_row,spmv_csr_warp_per_row..,69.02,3.52,80.59,28.54,40,"32768,    1,    1","   64,    1,    1",Kernel: SIMT,"103,458"
447,0.00,spmv_csr_warp_per_row,spmv_csr_warp_per_row..,68.93,0.00,80.67,28.57,40,"32768,    1,    1","   64,    1,    1",Kernel: SIMT,"103,319"
448,0.00,spmv_csr_warp_per_row,spmv_csr_warp_per_row..,68.90,0.00,80.65,28.56,40,"32768,    1,    1","   64,    1,    1",Kernel: SIMT,"103,298"
449,5.27,spmv_csr_warp_per_row,spmv_csr_warp_per_row..,68.96,3.63,80.60,28.55,40,"32768,    1,    1","   64,    1,    1",Kernel: SIMT,"103,348"
450,0.00,spmv_csr_warp_per_row,spmv_csr_warp_per_row..,69.25,0.00,80.46,28.50,40,"32768,    1,    1","   64,    1,    1",Kernel: SIMT,"103,723"
451,5.11,spmv_csr_warp_per_row,spmv_csr_warp_per_row..,69.31,3.54,80.48,28.50,40,"32768,    1,    1","   64,    1,    1",Kernel: SIMT,"103,855"
452,0.00,spmv_csr_warp_per_row,spmv_csr_warp_per_row..,68.90,0.00,80.49,28.51,40,"32768,    1,    1","   64,    1,    1",Kernel: SIMT,"103,261"
453,0.00,spmv_csr_warp_per_row,spmv_csr_warp_per_row..,68.93,0.00,80.65,28.56,40,"32768,    1,    1","   64,    1,    1",Kernel: SIMT,"103,295"
454,0.00,spmv_csr_warp_per_row,spmv_csr_warp_per_row..,69.12,0.00,80.54,28.53,40,"32768,    1,    1","   64,    1,    1",Kernel: SIMT,"103,594"
455,0.00,spmv_csr_warp_per_row,spmv_csr_warp_per_row..,69.12,0.00,80.45,28.49,40,"32768,    1,    1","   64,    1,    1",Kernel: SIMT,"103,559"
456,0.00,spmv_csr_warp_per_row,spmv_csr_warp_per_row..,69.09,0.00,80.45,28.49,40,"32768,    1,    1","   64,    1,    1",Kernel: SIMT,"103,540"
457,5.08,spmv_csr_warp_per_row,spmv_csr_warp_per_row..,69.06,3.51,80.64,28.56,40,"32768,    1,    1","   64,    1,    1",Kernel: SIMT,"103,504"
458,5.83,spmv_csr_warp_per_row,spmv_csr_warp_per_row..,68.96,4.02,80.54,28.52,40,"32768,    1,    1","   64,    1,    1",Kernel: SIMT,"103,330"
459,0.00,spmv_csr_warp_per_row,spmv_csr_warp_per_row..,69.12,0.00,80.52,28.52,40,"32768,    1,    1","   64,    1,    1",Kernel: SIMT,"103,573"
460,0.00,spmv_csr_warp_per_row,spmv_csr_warp_per_row..,69.09,0.00,80.45,28.49,40,"32768,    1,    1","   64,    1,    1",Kernel: SIMT,"103,520"
461,0.00,spmv_csr_warp_per_row,spmv_csr_warp_per_row..,69.15,0.00,80.53,28.52,40,"32768,    1,    1","   64,    1,    1",Kernel: SIMT,"103,632"
462,5.18,spmv_csr_warp_per_row,spmv_csr_warp_per_row..,69.12,3.58,80.43,28.49,40,"32768,    1,    1","   64,    1,    1",Kernel: SIMT,"103,592"
463,5.41,spmv_csr_warp_per_row,spmv_csr_warp_per_row..,69.06,3.73,80.62,28.55,40,"32768,    1,    1","   64,    1,    1",Kernel: SIMT,"103,518"
464,0.00,spmv_csr_warp_per_row,spmv_csr_warp_per_row..,69.06,0.00,80.59,28.54,40,"32768,    1,    1","   64,    1,    1",Kernel: SIMT,"103,487"
465,0.00,spmv_csr_warp_per_row,spmv_csr_warp_per_row..,68.93,0.00,80.47,28.50,40,"32768,    1,    1","   64,    1,    1",Kernel: SIMT,"103,315"
466,0.00,spmv_csr_warp_per_row,spmv_csr_warp_per_row..,69.15,0.00,80.40,28.48,40,"32768,    1,    1","   64,    1,    1",Kernel: SIMT,"103,643"
467,5.28,spmv_csr_warp_per_row,spmv_csr_warp_per_row..,69.02,3.65,80.43,28.49,40,"32768,    1,    1","   64,    1,    1",Kernel: SIMT,"103,414"
468,0.00,spmv_csr_warp_per_row,spmv_csr_warp_per_row..,69.09,0.00,80.59,28.54,40,"32768,    1,    1","   64,    1,    1",Kernel: SIMT,"103,522"
469,5.47,spmv_csr_warp_per_row,spmv_csr_warp_per_row..,69.12,3.78,80.51,28.51,40,"32768,    1,    1","   64,    1,    1",Kernel: SIMT,"103,564"
470,5.86,spmv_csr_warp_per_row,spmv_csr_warp_per_row..,69.02,4.05,80.49,28.51,40,"32768,    1,    1","   64,    1,    1",Kernel: SIMT,"103,423"
471,0.00,spmv_csr_warp_per_row,spmv_csr_warp_per_row..,69.09,0.00,80.52,28.52,40,"32768,    1,    1","   64,    1,    1",Kernel: SIMT,"103,539"
472,0.00,spmv_csr_warp_per_row,spmv_csr_warp_per_row..,68.77,0.00,80.49,28.51,40,"32768,    1,    1","   64,    1,    1",Kernel: SIMT,"103,050"
473,5.80,spmv_csr_warp_per_row,spmv_csr_warp_per_row..,69.25,4.01,80.56,28.53,40,"32768,    1,    1","   64,    1,    1",Kernel: SIMT,"103,810"
474,0.00,spmv_csr_warp_per_row,spmv_csr_warp_per_row..,69.28,0.00,80.53,28.52,40,"32768,    1,    1","   64,    1,    1",Kernel: SIMT,"103,799"
475,0.00,spmv_csr_warp_per_row,spmv_csr_warp_per_row..,69.25,0.00,80.62,28.55,40,"32768,    1,    1","   64,    1,    1",Kernel: SIMT,"103,734"
476,0.00,spmv_csr_warp_per_row,spmv_csr_warp_per_row..,69.18,0.00,80.58,28.54,40,"32768,    1,    1","   64,    1,    1",Kernel: SIMT,"103,678"
477,0.00,spmv_csr_warp_per_row,spmv_csr_warp_per_row..,69.06,0.00,80.65,28.56,40,"32768,    1,    1","   64,    1,    1",Kernel: SIMT,"103,512"
478,6.31,spmv_csr_warp_per_row,spmv_csr_warp_per_row..,68.99,4.35,80.49,28.51,40,"32768,    1,    1","   64,    1,    1",Kernel: SIMT,"103,395"
479,0.00,spmv_csr_warp_per_row,spmv_csr_warp_per_row..,69.02,0.00,80.62,28.55,40,"32768,    1,    1","   64,    1,    1",Kernel: SIMT,"103,469"
480,0.00,spmv_csr_warp_per_row,spmv_csr_warp_per_row..,68.99,0.00,80.49,28.51,40,"32768,    1,    1","   64,    1,    1",Kernel: SIMT,"103,402"
481,5.04,spmv_csr_warp_per_row,spmv_csr_warp_per_row..,69.12,3.49,80.45,28.49,40,"32768,    1,    1","   64,    1,    1",Kernel: SIMT,"103,590"
482,0.00,spmv_csr_warp_per_row,spmv_csr_warp_per_row..,69.06,0.00,80.46,28.50,40,"32768,    1,    1","   64,    1,    1",Kernel: SIMT,"103,488"
483,0.00,spmv_csr_warp_per_row,spmv_csr_warp_per_row..,68.90,0.00,80.61,28.55,40,"32768,    1,    1","   64,    1,    1",Kernel: SIMT,"103,291"
484,0.00,spmv_csr_warp_per_row,spmv_csr_warp_per_row..,68.96,0.00,80.58,28.54,40,"32768,    1,    1","   64,    1,    1",Kernel: SIMT,"103,341"
485,0.00,spmv_csr_warp_per_row,spmv_csr_warp_per_row..,68.90,0.00,80.63,28.56,40,"32768,    1,    1","   64,    1,    1",Kernel: SIMT,"103,275"
486,0.00,spmv_csr_warp_per_row,spmv_csr_warp_per_row..,68.90,0.00,80.67,28.57,40,"32768,    1,    1","   64,    1,    1",Kernel: SIMT,"103,228"
487,0.00,spmv_csr_warp_per_row,spmv_csr_warp_per_row..,69.02,0.00,80.70,28.58,40,"32768,    1,    1","   64,    1,    1",Kernel: SIMT,"103,482"
488,0.00,spmv_csr_warp_per_row,spmv_csr_warp_per_row..,68.96,0.00,80.66,28.57,40,"32768,    1,    1","   64,    1,    1",Kernel: SIMT,"103,335"
489,0.00,spmv_csr_warp_per_row,spmv_csr_warp_per_row..,68.86,0.00,80.69,28.58,40,"32768,    1,    1","   64,    1,    1",Kernel: SIMT,"103,215"
490,0.00,spmv_csr_warp_per_row,spmv_csr_warp_per_row..,68.93,0.00,80.69,28.58,40,"32768,    1,    1","   64,    1,    1",Kernel: SIMT,"103,318"
491,5.04,spmv_csr_warp_per_row,spmv_csr_warp_per_row..,68.93,3.48,80.61,28.55,40,"32768,    1,    1","   64,    1,    1",Kernel: SIMT,"103,300"
492,0.00,spmv_csr_warp_per_row,spmv_csr_warp_per_row..,68.93,0.00,80.59,28.54,40,"32768,    1,    1","   64,    1,    1",Kernel: SIMT,"103,307"
493,0.00,spmv_csr_warp_per_row,spmv_csr_warp_per_row..,68.99,0.00,80.64,28.56,40,"32768,    1,    1","   64,    1,    1",Kernel: SIMT,"103,413"
494,0.00,spmv_csr_warp_per_row,spmv_csr_warp_per_row..,68.90,0.00,80.59,28.54,40,"32768,    1,    1","   64,    1,    1",Kernel: SIMT,"103,315"
495,5.35,spmv_csr_warp_per_row,spmv_csr_warp_per_row..,68.93,3.68,80.70,28.58,40,"32768,    1,    1","   64,    1,    1",Kernel: SIMT,"103,324"
496,0.00,spmv_csr_warp_per_row,spmv_csr_warp_per_row..,68.96,0.00,80.70,28.58,40,"32768,    1,    1","   64,    1,    1",Kernel: SIMT,"103,395"
497,0.00,spmv_csr_warp_per_row,spmv_csr_warp_per_row..,69.02,0.00,80.63,28.56,40,"32768,    1,    1","   64,    1,    1",Kernel: SIMT,"103,443"
498,0.00,spmv_csr_warp_per_row,spmv_csr_warp_per_row..,68.93,0.00,80.60,28.55,40,"32768,    1,    1","   64,    1,    1",Kernel: SIMT,"103,317"
499,0.00,spmv_csr_warp_per_row,spmv_csr_warp_per_row..,68.96,0.00,80.64,28.56,40,"32768,    1,    1","   64,    1,    1",Kernel: SIMT,"103,399"
500,0.00,spmv_csr_warp_per_row,spmv_csr_warp_per_row..,69.02,0.00,80.61,28.55,40,"32768,    1,    1","   64,    1,    1",Kernel: SIMT,"103,476"
501,0.00,spmv_csr_warp_per_row,spmv_csr_warp_per_row..,69.28,0.00,80.55,28.53,40,"32768,    1,    1","   64,    1,    1",Kernel: SIMT,"103,809"
502,0.00,spmv_csr_warp_per_row,spmv_csr_warp_per_row..,69.28,0.00,80.55,28.53,40,"32768,    1,    1","   64,    1,    1",Kernel: SIMT,"103,778"
503,0.00,spmv_csr_warp_per_row,spmv_csr_warp_per_row..,69.02,0.00,80.65,28.56,40,"32768,    1,    1","   64,    1,    1",Kernel: SIMT,"103,406"
504,0.00,spmv_csr_warp_per_row,spmv_csr_warp_per_row..,69.15,0.00,80.55,28.53,40,"32768,    1,    1","   64,    1,    1",Kernel: SIMT,"103,626"
505,0.00,spmv_csr_warp_per_row,spmv_csr_warp_per_row..,69.09,0.00,80.49,28.51,40,"32768,    1,    1","   64,    1,    1",Kernel: SIMT,"103,523"
506,5.45,spmv_csr_warp_per_row,spmv_csr_warp_per_row..,69.06,3.76,80.65,28.56,40,"32768,    1,    1","   64,    1,    1",Kernel: SIMT,"103,541"
507,0.00,spmv_csr_warp_per_row,spmv_csr_warp_per_row..,69.09,0.00,80.51,28.51,40,"32768,    1,    1","   64,    1,    1",Kernel: SIMT,"103,534"
508,0.00,spmv_csr_warp_per_row,spmv_csr_warp_per_row..,69.06,0.00,80.54,28.52,40,"32768,    1,    1","   64,    1,    1",Kernel: SIMT,"103,479"
509,0.00,spmv_csr_warp_per_row,spmv_csr_warp_per_row..,68.99,0.00,80.47,28.50,40,"32768,    1,    1","   64,    1,    1",Kernel: SIMT,"103,371"
510,5.27,spmv_csr_warp_per_row,spmv_csr_warp_per_row..,69.09,3.64,80.59,28.54,40,"32768,    1,    1","   64,    1,    1",Kernel: SIMT,"103,541"
511,0.00,spmv_csr_warp_per_row,spmv_csr_warp_per_row..,69.06,0.00,80.42,28.48,40,"32768,    1,    1","   64,    1,    1",Kernel: SIMT,"103,486"
512,5.17,spmv_csr_warp_per_row,spmv_csr_warp_per_row..,68.90,3.56,80.62,28.55,40,"32768,    1,    1","   64,    1,    1",Kernel: SIMT,"103,273"
513,0.00,spmv_csr_warp_per_row,spmv_csr_warp_per_row..,68.93,0.00,80.65,28.56,40,"32768,    1,    1","   64,    1,    1",Kernel: SIMT,"103,309"
514,5.81,spmv_csr_warp_per_row,spmv_csr_warp_per_row..,68.96,4.01,80.54,28.52,40,"32768,    1,    1","   64,    1,    1",Kernel: SIMT,"103,352"
515,0.00,spmv_csr_warp_per_row,spmv_csr_warp_per_row..,68.96,0.00,80.54,28.52,40,"32768,    1,    1","   64,    1,    1",Kernel: SIMT,"103,384"
516,0.00,spmv_csr_warp_per_row,spmv_csr_warp_per_row..,68.93,0.00,80.62,28.55,40,"32768,    1,    1","   64,    1,    1",Kernel: SIMT,"103,285"
517,5.33,spmv_csr_warp_per_row,spmv_csr_warp_per_row..,68.90,3.67,80.64,28.56,40,"32768,    1,    1","   64,    1,    1",Kernel: SIMT,"103,258"
518,0.00,spmv_csr_warp_per_row,spmv_csr_warp_per_row..,69.12,0.00,80.67,28.57,40,"32768,    1,    1","   64,    1,    1",Kernel: SIMT,"103,626"
519,0.00,spmv_csr_warp_per_row,spmv_csr_warp_per_row..,68.96,0.00,80.74,28.59,40,"32768,    1,    1","   64,    1,    1",Kernel: SIMT,"103,354"
520,0.00,spmv_csr_warp_per_row,spmv_csr_warp_per_row..,68.96,0.00,80.63,28.56,40,"32768,    1,    1","   64,    1,    1",Kernel: SIMT,"103,351"
521,0.00,spmv_csr_warp_per_row,spmv_csr_warp_per_row..,68.96,0.00,80.62,28.55,40,"32768,    1,    1","   64,    1,    1",Kernel: SIMT,"103,337"
522,0.00,spmv_csr_warp_per_row,spmv_csr_warp_per_row..,68.86,0.00,80.58,28.54,40,"32768,    1,    1","   64,    1,    1",Kernel: SIMT,"103,237"
523,0.00,spmv_csr_warp_per_row,spmv_csr_warp_per_row..,68.96,0.00,80.55,28.53,40,"32768,    1,    1","   64,    1,    1",Kernel: SIMT,"103,378"
524,0.00,spmv_csr_warp_per_row,spmv_csr_warp_per_row..,68.96,0.00,80.60,28.55,40,"32768,    1,    1","   64,    1,    1",Kernel: SIMT,"103,391"
525,0.00,spmv_csr_warp_per_row,spmv_csr_warp_per_row..,69.09,0.00,80.63,28.55,40,"32768,    1,    1","   64,    1,    1",Kernel: SIMT,"103,585"
526,0.00,spmv_csr_warp_per_row,spmv_csr_warp_per_row..,68.99,0.00,80.60,28.55,40,"32768,    1,    1","   64,    1,    1",Kernel: SIMT,"103,390"
527,5.12,spmv_csr_warp_per_row,spmv_csr_warp_per_row..,68.93,3.53,80.63,28.56,40,"32768,    1,    1","   64,    1,    1",Kernel: SIMT,"103,295"
528,0.00,spmv_csr_warp_per_row,spmv_csr_warp_per_row..,68.93,0.00,80.64,28.56,40,"32768,    1,    1","   64,    1,    1",Kernel: SIMT,"103,298"
529,0.00,spmv_csr_warp_per_row,spmv_csr_warp_per_row..,69.02,0.00,80.54,28.53,40,"32768,    1,    1","   64,    1,    1",Kernel: SIMT,"103,444"
530,5.25,spmv_csr_warp_per_row,spmv_csr_warp_per_row..,69.22,3.63,80.48,28.50,40,"32768,    1,    1","   64,    1,    1",Kernel: SIMT,"103,690"
531,5.10,spmv_csr_warp_per_row,spmv_csr_warp_per_row..,69.25,3.53,80.66,28.57,40,"32768,    1,    1","   64,    1,    1",Kernel: SIMT,"103,751"
532,0.00,spmv_csr_warp_per_row,spmv_csr_warp_per_row..,69.06,0.00,80.54,28.52,40,"32768,    1,    1","   64,    1,    1",Kernel: SIMT,"103,486"
533,0.00,spmv_csr_warp_per_row,spmv_csr_warp_per_row..,68.96,0.00,80.62,28.55,40,"32768,    1,    1","   64,    1,    1",Kernel: SIMT,"103,351"
534,5.57,spmv_csr_warp_per_row,spmv_csr_warp_per_row..,68.99,3.84,80.61,28.55,40,"32768,    1,    1","   64,    1,    1",Kernel: SIMT,"103,376"
535,0.00,spmv_csr_warp_per_row,spmv_csr_warp_per_row..,69.02,0.00,80.53,28.52,40,"32768,    1,    1","   64,    1,    1",Kernel: SIMT,"103,465"
536,5.12,spmv_csr_warp_per_row,spmv_csr_warp_per_row..,69.12,3.54,80.49,28.51,40,"32768,    1,    1","   64,    1,    1",Kernel: SIMT,"103,569"
537,0.00,spmv_csr_warp_per_row,spmv_csr_warp_per_row..,69.06,0.00,80.52,28.52,40,"32768,    1,    1","   64,    1,    1",Kernel: SIMT,"103,525"
538,0.00,spmv_csr_warp_per_row,spmv_csr_warp_per_row..,69.12,0.00,80.60,28.55,40,"32768,    1,    1","   64,    1,    1",Kernel: SIMT,"103,598"
539,0.00,spmv_csr_warp_per_row,spmv_csr_warp_per_row..,69.06,0.00,80.56,28.53,40,"32768,    1,    1","   64,    1,    1",Kernel: SIMT,"103,471"
540,0.00,spmv_csr_warp_per_row,spmv_csr_warp_per_row..,69.02,0.00,80.52,28.52,40,"32768,    1,    1","   64,    1,    1",Kernel: SIMT,"103,433"
541,0.00,spmv_csr_warp_per_row,spmv_csr_warp_per_row..,69.12,0.00,80.50,28.51,40,"32768,    1,    1","   64,    1,    1",Kernel: SIMT,"103,583"
542,0.00,spmv_csr_warp_per_row,spmv_csr_warp_per_row..,68.99,0.00,80.50,28.51,40,"32768,    1,    1","   64,    1,    1",Kernel: SIMT,"103,385"
543,0.00,spmv_csr_warp_per_row,spmv_csr_warp_per_row..,69.15,0.00,80.45,28.49,40,"32768,    1,    1","   64,    1,    1",Kernel: SIMT,"103,623"
544,5.46,spmv_csr_warp_per_row,spmv_csr_warp_per_row..,68.99,3.76,80.43,28.49,40,"32768,    1,    1","   64,    1,    1",Kernel: SIMT,"103,401"
545,0.00,spmv_csr_warp_per_row,spmv_csr_warp_per_row..,69.12,0.00,80.51,28.51,40,"32768,    1,    1","   64,    1,    1",Kernel: SIMT,"103,594"
546,0.00,spmv_csr_warp_per_row,spmv_csr_warp_per_row..,69.18,0.00,80.65,28.57,40,"32768,    1,    1","   64,    1,    1",Kernel: SIMT,"103,652"
547,0.00,spmv_csr_warp_per_row,spmv_csr_warp_per_row..,69.02,0.00,80.55,28.53,40,"32768,    1,    1","   64,    1,    1",Kernel: SIMT,"103,429"
548,0.00,spmv_csr_warp_per_row,spmv_csr_warp_per_row..,68.99,0.00,80.44,28.49,40,"32768,    1,    1","   64,    1,    1",Kernel: SIMT,"103,438"
549,5.03,spmv_csr_warp_per_row,spmv_csr_warp_per_row..,69.02,3.47,80.65,28.56,40,"32768,    1,    1","   64,    1,    1",Kernel: SIMT,"103,449"
550,0.00,spmv_csr_warp_per_row,spmv_csr_warp_per_row..,68.96,0.00,80.59,28.54,40,"16384,    1,    1","  128,    1,    1",Kernel: SIMT,"103,324"
551,5.11,spmv_csr_warp_per_row,spmv_csr_warp_per_row..,68.96,3.52,80.57,28.54,40,"16384,    1,    1","  128,    1,    1",Kernel: SIMT,"103,338"
552,5.01,spmv_csr_warp_per_row,spmv_csr_warp_per_row..,68.83,3.45,80.71,28.59,40,"16384,    1,    1","  128,    1,    1",Kernel: SIMT,"103,174"
553,0.00,spmv_csr_warp_per_row,spmv_csr_warp_per_row..,69.02,0.00,80.66,28.57,40,"16384,    1,    1","  128,    1,    1",Kernel: SIMT,"103,433"
554,0.00,spmv_csr_warp_per_row,spmv_csr_warp_per_row..,68.96,0.00,80.54,28.53,40,"16384,    1,    1","  128,    1,    1",Kernel: SIMT,"103,316"
555,0.00,spmv_csr_warp_per_row,spmv_csr_warp_per_row..,68.86,0.00,80.71,28.58,40,"16384,    1,    1","  128,    1,    1",Kernel: SIMT,"103,218"
556,0.00,spmv_csr_warp_per_row,spmv_csr_warp_per_row..,68.80,0.00,80.72,28.59,40,"16384,    1,    1","  128,    1,    1",Kernel: SIMT,"103,162"
557,0.00,spmv_csr_warp_per_row,spmv_csr_warp_per_row..,68.83,0.00,80.70,28.58,40,"16384,    1,    1","  128,    1,    1",Kernel: SIMT,"103,180"
558,0.00,spmv_csr_warp_per_row,spmv_csr_warp_per_row..,69.09,0.00,80.70,28.58,40,"16384,    1,    1","  128,    1,    1",Kernel: SIMT,"103,493"
559,5.08,spmv_csr_warp_per_row,spmv_csr_warp_per_row..,69.22,3.52,80.76,28.60,40,"16384,    1,    1","  128,    1,    1",Kernel: SIMT,"103,679"
560,0.00,spmv_csr_warp_per_row,spmv_csr_warp_per_row..,68.83,0.00,80.76,28.60,40,"16384,    1,    1","  128,    1,    1",Kernel: SIMT,"103,153"
561,5.30,spmv_csr_warp_per_row,spmv_csr_warp_per_row..,68.83,3.65,80.77,28.61,40,"16384,    1,    1","  128,    1,    1",Kernel: SIMT,"103,168"
562,0.00,spmv_csr_warp_per_row,spmv_csr_warp_per_row..,69.02,0.00,80.56,28.53,40,"16384,    1,    1","  128,    1,    1",Kernel: SIMT,"103,435"
563,0.00,spmv_csr_warp_per_row,spmv_csr_warp_per_row..,68.99,0.00,80.69,28.58,40,"16384,    1,    1","  128,    1,    1",Kernel: SIMT,"103,394"
564,0.00,spmv_csr_warp_per_row,spmv_csr_warp_per_row..,69.06,0.00,80.59,28.54,40,"16384,    1,    1","  128,    1,    1",Kernel: SIMT,"103,530"
565,5.34,spmv_csr_warp_per_row,spmv_csr_warp_per_row..,69.09,3.69,80.59,28.54,40,"16384,    1,    1","  128,    1,    1",Kernel: SIMT,"103,559"
566,5.20,spmv_csr_warp_per_row,spmv_csr_warp_per_row..,69.06,3.59,80.69,28.58,40,"16384,    1,    1","  128,    1,    1",Kernel: SIMT,"103,495"
567,5.15,spmv_csr_warp_per_row,spmv_csr_warp_per_row..,68.96,3.55,80.68,28.57,40,"16384,    1,    1","  128,    1,    1",Kernel: SIMT,"103,323"
568,5.01,spmv_csr_warp_per_row,spmv_csr_warp_per_row..,68.96,3.45,80.62,28.55,40,"16384,    1,    1","  128,    1,    1",Kernel: SIMT,"103,350"
569,0.00,spmv_csr_warp_per_row,spmv_csr_warp_per_row..,68.96,0.00,80.66,28.57,40,"16384,    1,    1","  128,    1,    1",Kernel: SIMT,"103,316"
570,5.63,spmv_csr_warp_per_row,spmv_csr_warp_per_row..,69.02,3.89,80.62,28.55,40,"16384,    1,    1","  128,    1,    1",Kernel: SIMT,"103,448"
571,0.00,spmv_csr_warp_per_row,spmv_csr_warp_per_row..,68.93,0.00,80.68,28.57,40,"16384,    1,    1","  128,    1,    1",Kernel: SIMT,"103,291"
572,0.00,spmv_csr_warp_per_row,spmv_csr_warp_per_row..,68.96,0.00,80.58,28.54,40,"16384,    1,    1","  128,    1,    1",Kernel: SIMT,"103,340"
573,0.00,spmv_csr_warp_per_row,spmv_csr_warp_per_row..,68.96,0.00,80.70,28.58,40,"16384,    1,    1","  128,    1,    1",Kernel: SIMT,"103,337"
574,0.00,spmv_csr_warp_per_row,spmv_csr_warp_per_row..,69.06,0.00,80.57,28.54,40,"16384,    1,    1","  128,    1,    1",Kernel: SIMT,"103,450"
575,0.00,spmv_csr_warp_per_row,spmv_csr_warp_per_row..,68.99,0.00,80.60,28.55,40,"16384,    1,    1","  128,    1,    1",Kernel: SIMT,"103,450"
576,0.00,spmv_csr_warp_per_row,spmv_csr_warp_per_row..,68.93,0.00,80.59,28.54,40,"16384,    1,    1","  128,    1,    1",Kernel: SIMT,"103,276"
577,0.00,spmv_csr_warp_per_row,spmv_csr_warp_per_row..,68.93,0.00,80.67,28.57,40,"16384,    1,    1","  128,    1,    1",Kernel: SIMT,"103,295"
578,0.00,spmv_csr_warp_per_row,spmv_csr_warp_per_row..,68.96,0.00,80.62,28.55,40,"16384,    1,    1","  128,    1,    1",Kernel: SIMT,"103,320"
579,5.11,spmv_csr_warp_per_row,spmv_csr_warp_per_row..,68.96,3.52,80.69,28.58,40,"16384,    1,    1","  128,    1,    1",Kernel: SIMT,"103,334"
580,0.00,spmv_csr_warp_per_row,spmv_csr_warp_per_row..,68.99,0.00,80.76,28.60,40,"16384,    1,    1","  128,    1,    1",Kernel: SIMT,"103,418"
581,0.00,spmv_csr_warp_per_row,spmv_csr_warp_per_row..,68.96,0.00,80.70,28.58,40,"16384,    1,    1","  128,    1,    1",Kernel: SIMT,"103,378"
582,0.00,spmv_csr_warp_per_row,spmv_csr_warp_per_row..,68.90,0.00,80.75,28.60,40,"16384,    1,    1","  128,    1,    1",Kernel: SIMT,"103,285"
583,0.00,spmv_csr_warp_per_row,spmv_csr_warp_per_row..,68.93,0.00,80.74,28.60,40,"16384,    1,    1","  128,    1,    1",Kernel: SIMT,"103,361"
584,0.00,spmv_csr_warp_per_row,spmv_csr_warp_per_row..,68.83,0.00,80.66,28.57,40,"16384,    1,    1","  128,    1,    1",Kernel: SIMT,"103,181"
585,0.00,spmv_csr_warp_per_row,spmv_csr_warp_per_row..,69.06,0.00,80.39,28.47,40,"16384,    1,    1","  128,    1,    1",Kernel: SIMT,"103,465"
586,5.97,spmv_csr_warp_per_row,spmv_csr_warp_per_row..,69.15,4.13,80.76,28.60,40,"16384,    1,    1","  128,    1,    1",Kernel: SIMT,"103,602"
587,0.00,spmv_csr_warp_per_row,spmv_csr_warp_per_row..,68.93,0.00,80.76,28.60,40,"16384,    1,    1","  128,    1,    1",Kernel: SIMT,"103,300"
588,5.04,spmv_csr_warp_per_row,spmv_csr_warp_per_row..,68.96,3.48,80.63,28.56,40,"16384,    1,    1","  128,    1,    1",Kernel: SIMT,"103,339"
589,0.00,spmv_csr_warp_per_row,spmv_csr_warp_per_row..,69.02,0.00,80.62,28.55,40,"16384,    1,    1","  128,    1,    1",Kernel: SIMT,"103,426"
590,0.00,spmv_csr_warp_per_row,spmv_csr_warp_per_row..,69.12,0.00,80.65,28.56,40,"16384,    1,    1","  128,    1,    1",Kernel: SIMT,"103,577"
591,0.00,spmv_csr_warp_per_row,spmv_csr_warp_per_row..,69.06,0.00,80.70,28.58,40,"16384,    1,    1","  128,    1,    1",Kernel: SIMT,"103,499"
592,0.00,spmv_csr_warp_per_row,spmv_csr_warp_per_row..,69.06,0.00,80.60,28.55,40,"16384,    1,    1","  128,    1,    1",Kernel: SIMT,"103,476"
593,0.00,spmv_csr_warp_per_row,spmv_csr_warp_per_row..,69.02,0.00,80.48,28.50,40,"16384,    1,    1","  128,    1,    1",Kernel: SIMT,"103,448"
594,0.00,spmv_csr_warp_per_row,spmv_csr_warp_per_row..,68.93,0.00,80.61,28.55,40,"16384,    1,    1","  128,    1,    1",Kernel: SIMT,"103,295"
595,0.00,spmv_csr_warp_per_row,spmv_csr_warp_per_row..,68.99,0.00,80.48,28.50,40,"16384,    1,    1","  128,    1,    1",Kernel: SIMT,"103,413"
596,0.00,spmv_csr_warp_per_row,spmv_csr_warp_per_row..,68.93,0.00,80.60,28.55,40,"16384,    1,    1","  128,    1,    1",Kernel: SIMT,"103,288"
597,0.00,spmv_csr_warp_per_row,spmv_csr_warp_per_row..,68.86,0.00,80.52,28.52,40,"16384,    1,    1","  128,    1,    1",Kernel: SIMT,"103,165"
598,5.55,spmv_csr_warp_per_row,spmv_csr_warp_per_row..,68.90,3.82,80.56,28.53,40,"16384,    1,    1","  128,    1,    1",Kernel: SIMT,"103,295"
599,0.00,spmv_csr_warp_per_row,spmv_csr_warp_per_row..,68.99,0.00,80.74,28.60,40,"16384,    1,    1","  128,    1,    1",Kernel: SIMT,"103,368"
600,5.42,spmv_csr_warp_per_row,spmv_csr_warp_per_row..,68.86,3.73,80.57,28.54,40,"16384,    1,    1","  128,    1,    1",Kernel: SIMT,"103,225"
601,0.00,spmv_csr_warp_per_row,spmv_csr_warp_per_row..,69.12,0.00,80.73,28.59,40,"16384,    1,    1","  128,    1,    1",Kernel: SIMT,"103,574"
602,0.00,spmv_csr_warp_per_row,spmv_csr_warp_per_row..,68.80,0.00,80.75,28.60,40,"16384,    1,    1","  128,    1,    1",Kernel: SIMT,"103,141"
603,0.00,spmv_csr_warp_per_row,spmv_csr_warp_per_row..,68.99,0.00,80.63,28.56,40,"16384,    1,    1","  128,    1,    1",Kernel: SIMT,"103,395"
604,0.00,spmv_csr_warp_per_row,spmv_csr_warp_per_row..,69.15,0.00,80.72,28.59,40,"16384,    1,    1","  128,    1,    1",Kernel: SIMT,"103,611"
605,5.44,spmv_csr_warp_per_row,spmv_csr_warp_per_row..,68.93,3.75,80.57,28.53,40,"16384,    1,    1","  128,    1,    1",Kernel: SIMT,"103,283"
606,0.00,spmv_csr_warp_per_row,spmv_csr_warp_per_row..,69.02,0.00,80.66,28.57,40,"16384,    1,    1","  128,    1,    1",Kernel: SIMT,"103,421"
607,0.00,spmv_csr_warp_per_row,spmv_csr_warp_per_row..,69.12,0.00,80.64,28.56,40,"16384,    1,    1","  128,    1,    1",Kernel: SIMT,"103,619"
608,0.00,spmv_csr_warp_per_row,spmv_csr_warp_per_row..,68.96,0.00,80.60,28.55,40,"16384,    1,    1","  128,    1,    1",Kernel: SIMT,"103,321"
609,5.31,spmv_csr_warp_per_row,spmv_csr_warp_per_row..,69.12,3.67,80.58,28.54,40,"16384,    1,    1","  128,    1,    1",Kernel: SIMT,"103,571"
610,0.00,spmv_csr_warp_per_row,spmv_csr_warp_per_row..,69.09,0.00,80.71,28.58,40,"16384,    1,    1","  128,    1,    1",Kernel: SIMT,"103,521"
611,5.16,spmv_csr_warp_per_row,spmv_csr_warp_per_row..,69.06,3.56,80.61,28.55,40,"16384,    1,    1","  128,    1,    1",Kernel: SIMT,"103,493"
612,0.00,spmv_csr_warp_per_row,spmv_csr_warp_per_row..,68.93,0.00,80.60,28.55,40,"16384,    1,    1","  128,    1,    1",Kernel: SIMT,"103,286"
613,5.95,spmv_csr_warp_per_row,spmv_csr_warp_per_row..,69.06,4.11,80.63,28.55,40,"16384,    1,    1","  128,    1,    1",Kernel: SIMT,"103,464"
614,0.00,spmv_csr_warp_per_row,spmv_csr_warp_per_row..,68.96,0.00,80.75,28.60,40,"16384,    1,    1","  128,    1,    1",Kernel: SIMT,"103,373"
615,0.00,spmv_csr_warp_per_row,spmv_csr_warp_per_row..,68.80,0.00,80.63,28.56,40,"16384,    1,    1","  128,    1,    1",Kernel: SIMT,"103,173"
616,0.00,spmv_csr_warp_per_row,spmv_csr_warp_per_row..,68.83,0.00,80.66,28.57,40,"16384,    1,    1","  128,    1,    1",Kernel: SIMT,"103,152"
617,0.00,spmv_csr_warp_per_row,spmv_csr_warp_per_row..,69.06,0.00,80.66,28.57,40,"16384,    1,    1","  128,    1,    1",Kernel: SIMT,"103,468"
618,5.14,spmv_csr_warp_per_row,spmv_csr_warp_per_row..,68.86,3.54,80.69,28.58,40,"16384,    1,    1","  128,    1,    1",Kernel: SIMT,"103,180"
619,0.00,spmv_csr_warp_per_row,spmv_csr_warp_per_row..,68.93,0.00,80.73,28.59,40,"16384,    1,    1","  128,    1,    1",Kernel: SIMT,"103,335"
620,0.00,spmv_csr_warp_per_row,spmv_csr_warp_per_row..,68.80,0.00,80.73,28.59,40,"16384,    1,    1","  128,    1,    1",Kernel: SIMT,"103,133"
621,5.54,spmv_csr_warp_per_row,spmv_csr_warp_per_row..,69.18,3.83,80.71,28.59,40,"16384,    1,    1","  128,    1,    1",Kernel: SIMT,"103,657"
622,5.46,spmv_csr_warp_per_row,spmv_csr_warp_per_row..,69.12,3.77,80.70,28.58,40,"16384,    1,    1","  128,    1,    1",Kernel: SIMT,"103,561"
623,5.57,spmv_csr_warp_per_row,spmv_csr_warp_per_row..,69.12,3.85,80.64,28.56,40,"16384,    1,    1","  128,    1,    1",Kernel: SIMT,"103,513"
624,0.00,spmv_csr_warp_per_row,spmv_csr_warp_per_row..,68.90,0.00,80.65,28.56,40,"16384,    1,    1","  128,    1,    1",Kernel: SIMT,"103,241"
625,0.00,spmv_csr_warp_per_row,spmv_csr_warp_per_row..,68.99,0.00,80.61,28.55,40,"16384,    1,    1","  128,    1,    1",Kernel: SIMT,"103,374"
626,0.00,spmv_csr_warp_per_row,spmv_csr_warp_per_row..,68.90,0.00,80.68,28.57,40,"16384,    1,    1","  128,    1,    1",Kernel: SIMT,"103,258"
627,0.00,spmv_csr_warp_per_row,spmv_csr_warp_per_row..,68.90,0.00,80.58,28.54,40,"16384,    1,    1","  128,    1,    1",Kernel: SIMT,"103,248"
628,5.28,spmv_csr_warp_per_row,spmv_csr_warp_per_row..,68.86,3.64,80.63,28.56,40,"16384,    1,    1","  128,    1,    1",Kernel: SIMT,"103,221"
629,0.00,spmv_csr_warp_per_row,spmv_csr_warp_per_row..,69.02,0.00,80.72,28.59,40,"16384,    1,    1","  128,    1,    1",Kernel: SIMT,"103,489"
630,0.00,spmv_csr_warp_per_row,spmv_csr_warp_per_row..,68.93,0.00,80.61,28.55,40,"16384,    1,    1","  128,    1,    1",Kernel: SIMT,"103,302"
631,5.37,spmv_csr_warp_per_row,spmv_csr_warp_per_row..,69.06,3.71,80.70,28.58,40,"16384,    1,    1","  128,    1,    1",Kernel: SIMT,"103,461"
632,5.39,spmv_csr_warp_per_row,spmv_csr_warp_per_row..,69.02,3.72,80.76,28.60,40,"16384,    1,    1","  128,    1,    1",Kernel: SIMT,"103,443"
633,0.00,spmv_csr_warp_per_row,spmv_csr_warp_per_row..,68.83,0.00,80.74,28.60,40,"16384,    1,    1","  128,    1,    1",Kernel: SIMT,"103,203"
634,0.00,spmv_csr_warp_per_row,spmv_csr_warp_per_row..,68.80,0.00,80.72,28.59,40,"16384,    1,    1","  128,    1,    1",Kernel: SIMT,"103,113"
635,0.00,spmv_csr_warp_per_row,spmv_csr_warp_per_row..,69.06,0.00,80.68,28.57,40,"16384,    1,    1","  128,    1,    1",Kernel: SIMT,"103,502"
636,5.49,spmv_csr_warp_per_row,spmv_csr_warp_per_row..,69.18,3.80,80.57,28.54,40,"16384,    1,    1","  128,    1,    1",Kernel: SIMT,"103,660"
637,5.00,spmv_csr_warp_per_row,spmv_csr_warp_per_row..,68.93,3.45,80.60,28.55,40,"16384,    1,    1","  128,    1,    1",Kernel: SIMT,"103,318"
638,0.00,spmv_csr_warp_per_row,spmv_csr_warp_per_row..,68.90,0.00,80.73,28.59,40,"16384,    1,    1","  128,    1,    1",Kernel: SIMT,"103,252"
639,5.52,spmv_csr_warp_per_row,spmv_csr_warp_per_row..,68.99,3.81,80.56,28.53,40,"16384,    1,    1","  128,    1,    1",Kernel: SIMT,"103,371"
640,5.32,spmv_csr_warp_per_row,spmv_csr_warp_per_row..,68.99,3.67,80.66,28.57,40,"16384,    1,    1","  128,    1,    1",Kernel: SIMT,"103,434"
641,5.34,spmv_csr_warp_per_row,spmv_csr_warp_per_row..,68.93,3.68,80.56,28.53,40,"16384,    1,    1","  128,    1,    1",Kernel: SIMT,"103,316"
642,0.00,spmv_csr_warp_per_row,spmv_csr_warp_per_row..,68.96,0.00,80.62,28.55,40,"16384,    1,    1","  128,    1,    1",Kernel: SIMT,"103,361"
643,5.13,spmv_csr_warp_per_row,spmv_csr_warp_per_row..,68.93,3.54,80.59,28.54,40,"16384,    1,    1","  128,    1,    1",Kernel: SIMT,"103,294"
644,5.43,spmv_csr_warp_per_row,spmv_csr_warp_per_row..,68.93,3.75,80.70,28.58,40,"16384,    1,    1","  128,    1,    1",Kernel: SIMT,"103,254"
645,0.00,spmv_csr_warp_per_row,spmv_csr_warp_per_row..,68.96,0.00,80.60,28.55,40,"16384,    1,    1","  128,    1,    1",Kernel: SIMT,"103,348"
646,5.31,spmv_csr_warp_per_row,spmv_csr_warp_per_row..,68.99,3.66,80.64,28.56,40,"16384,    1,    1","  128,    1,    1",Kernel: SIMT,"103,395"
647,5.11,spmv_csr_warp_per_row,spmv_csr_warp_per_row..,68.96,3.52,80.63,28.56,40,"16384,    1,    1","  128,    1,    1",Kernel: SIMT,"103,393"
648,5.24,spmv_csr_warp_per_row,spmv_csr_warp_per_row..,68.93,3.61,80.73,28.59,40,"16384,    1,    1","  128,    1,    1",Kernel: SIMT,"103,345"
649,0.00,spmv_csr_warp_per_row,spmv_csr_warp_per_row..,68.90,0.00,80.64,28.56,40,"16384,    1,    1","  128,    1,    1",Kernel: SIMT,"103,278"
650,0.00,spmv_csr_warp_per_row,spmv_csr_warp_per_row..,68.96,0.00,80.72,28.59,40,"16384,    1,    1","  128,    1,    1",Kernel: SIMT,"103,352"
651,5.03,spmv_csr_warp_per_row,spmv_csr_warp_per_row..,69.15,3.48,80.67,28.57,40,"16384,    1,    1","  128,    1,    1",Kernel: SIMT,"103,571"
652,0.00,spmv_csr_warp_per_row,spmv_csr_warp_per_row..,68.93,0.00,80.74,28.59,40,"16384,    1,    1","  128,    1,    1",Kernel: SIMT,"103,281"
653,0.00,spmv_csr_warp_per_row,spmv_csr_warp_per_row..,68.90,0.00,80.57,28.54,40,"16384,    1,    1","  128,    1,    1",Kernel: SIMT,"103,257"
654,0.00,spmv_csr_warp_per_row,spmv_csr_warp_per_row..,68.96,0.00,80.61,28.55,40,"16384,    1,    1","  128,    1,    1",Kernel: SIMT,"103,360"
655,0.00,spmv_csr_warp_per_row,spmv_csr_warp_per_row..,68.86,0.00,80.62,28.55,40,"16384,    1,    1","  128,    1,    1",Kernel: SIMT,"103,196"
656,0.00,spmv_csr_warp_per_row,spmv_csr_warp_per_row..,69.02,0.00,80.78,28.61,40,"16384,    1,    1","  128,    1,    1",Kernel: SIMT,"103,456"
657,0.00,spmv_csr_warp_per_row,spmv_csr_warp_per_row..,69.06,0.00,80.66,28.57,40,"16384,    1,    1","  128,    1,    1",Kernel: SIMT,"103,471"
658,5.63,spmv_csr_warp_per_row,spmv_csr_warp_per_row..,69.12,3.89,80.63,28.56,40,"16384,    1,    1","  128,    1,    1",Kernel: SIMT,"103,583"
659,5.50,spmv_csr_warp_per_row,spmv_csr_warp_per_row..,69.25,3.81,80.66,28.57,40,"16384,    1,    1","  128,    1,    1",Kernel: SIMT,"103,724"
660,0.00,spmv_csr_warp_per_row,spmv_csr_warp_per_row..,69.18,0.00,80.58,28.54,40," 8192,    1,    1","  256,    1,    1",Kernel: SIMT,"103,614"
661,0.00,spmv_csr_warp_per_row,spmv_csr_warp_per_row..,68.96,0.00,80.72,28.59,40," 8192,    1,    1","  256,    1,    1",Kernel: SIMT,"103,378"
662,0.00,spmv_csr_warp_per_row,spmv_csr_warp_per_row..,68.93,0.00,80.79,28.61,40," 8192,    1,    1","  256,    1,    1",Kernel: SIMT,"103,333"
663,0.00,spmv_csr_warp_per_row,spmv_csr_warp_per_row..,69.02,0.00,80.80,28.62,40," 8192,    1,    1","  256,    1,    1",Kernel: SIMT,"103,435"
664,0.00,spmv_csr_warp_per_row,spmv_csr_warp_per_row..,69.09,0.00,80.72,28.59,40," 8192,    1,    1","  256,    1,    1",Kernel: SIMT,"103,484"
665,0.00,spmv_csr_warp_per_row,spmv_csr_warp_per_row..,68.83,0.00,80.69,28.58,40," 8192,    1,    1","  256,    1,    1",Kernel: SIMT,"103,135"
666,0.00,spmv_csr_warp_per_row,spmv_csr_warp_per_row..,68.93,0.00,80.77,28.61,40," 8192,    1,    1","  256,    1,    1",Kernel: SIMT,"103,282"
667,0.00,spmv_csr_warp_per_row,spmv_csr_warp_per_row..,68.96,0.00,80.69,28.58,40," 8192,    1,    1","  256,    1,    1",Kernel: SIMT,"103,369"
668,0.00,spmv_csr_warp_per_row,spmv_csr_warp_per_row..,68.86,0.00,80.72,28.59,40," 8192,    1,    1","  256,    1,    1",Kernel: SIMT,"103,160"
669,0.00,spmv_csr_warp_per_row,spmv_csr_warp_per_row..,68.80,0.00,80.55,28.53,40," 8192,    1,    1","  256,    1,    1",Kernel: SIMT,"103,124"
670,0.00,spmv_csr_warp_per_row,spmv_csr_warp_per_row..,68.77,0.00,80.77,28.60,40," 8192,    1,    1","  256,    1,    1",Kernel: SIMT,"103,053"
671,0.00,spmv_csr_warp_per_row,spmv_csr_warp_per_row..,68.86,0.00,80.59,28.54,40," 8192,    1,    1","  256,    1,    1",Kernel: SIMT,"103,202"
672,0.00,spmv_csr_warp_per_row,spmv_csr_warp_per_row..,68.86,0.00,80.80,28.62,40," 8192,    1,    1","  256,    1,    1",Kernel: SIMT,"103,175"
673,0.00,spmv_csr_warp_per_row,spmv_csr_warp_per_row..,68.83,0.00,80.75,28.60,40," 8192,    1,    1","  256,    1,    1",Kernel: SIMT,"103,165"
674,0.00,spmv_csr_warp_per_row,spmv_csr_warp_per_row..,68.93,0.00,80.78,28.61,40," 8192,    1,    1","  256,    1,    1",Kernel: SIMT,"103,282"
675,0.00,spmv_csr_warp_per_row,spmv_csr_warp_per_row..,68.77,0.00,80.76,28.60,40," 8192,    1,    1","  256,    1,    1",Kernel: SIMT,"103,079"
676,0.00,spmv_csr_warp_per_row,spmv_csr_warp_per_row..,68.90,0.00,80.60,28.55,40," 8192,    1,    1","  256,    1,    1",Kernel: SIMT,"103,232"
677,0.00,spmv_csr_warp_per_row,spmv_csr_warp_per_row..,68.86,0.00,80.71,28.58,40," 8192,    1,    1","  256,    1,    1",Kernel: SIMT,"103,191"
678,0.00,spmv_csr_warp_per_row,spmv_csr_warp_per_row..,68.90,0.00,80.81,28.62,40," 8192,    1,    1","  256,    1,    1",Kernel: SIMT,"103,260"
679,0.00,spmv_csr_warp_per_row,spmv_csr_warp_per_row..,68.80,0.00,80.77,28.61,40," 8192,    1,    1","  256,    1,    1",Kernel: SIMT,"103,118"
680,0.00,spmv_csr_warp_per_row,spmv_csr_warp_per_row..,68.80,0.00,80.76,28.60,40," 8192,    1,    1","  256,    1,    1",Kernel: SIMT,"103,110"
681,0.00,spmv_csr_warp_per_row,spmv_csr_warp_per_row..,68.83,0.00,80.86,28.64,40," 8192,    1,    1","  256,    1,    1",Kernel: SIMT,"103,168"
682,0.00,spmv_csr_warp_per_row,spmv_csr_warp_per_row..,68.80,0.00,80.79,28.61,40," 8192,    1,    1","  256,    1,    1",Kernel: SIMT,"103,113"
683,0.00,spmv_csr_warp_per_row,spmv_csr_warp_per_row..,68.99,0.00,80.83,28.63,40," 8192,    1,    1","  256,    1,    1",Kernel: SIMT,"103,432"
684,0.00,spmv_csr_warp_per_row,spmv_csr_warp_per_row..,68.86,0.00,80.72,28.59,40," 8192,    1,    1","  256,    1,    1",Kernel: SIMT,"103,249"
685,0.00,spmv_csr_warp_per_row,spmv_csr_warp_per_row..,68.74,0.00,80.78,28.61,40," 8192,    1,    1","  256,    1,    1",Kernel: SIMT,"103,059"
686,0.00,spmv_csr_warp_per_row,spmv_csr_warp_per_row..,69.06,0.00,80.77,28.61,40," 8192,    1,    1","  256,    1,    1",Kernel: SIMT,"103,459"
687,5.66,spmv_csr_warp_per_row,spmv_csr_warp_per_row..,69.06,3.91,80.72,28.59,40," 8192,    1,    1","  256,    1,    1",Kernel: SIMT,"103,438"
688,0.00,spmv_csr_warp_per_row,spmv_csr_warp_per_row..,68.99,0.00,80.74,28.59,40," 8192,    1,    1","  256,    1,    1",Kernel: SIMT,"103,361"
689,0.00,spmv_csr_warp_per_row,spmv_csr_warp_per_row..,69.12,0.00,80.71,28.58,40," 8192,    1,    1","  256,    1,    1",Kernel: SIMT,"103,576"
690,0.00,spmv_csr_warp_per_row,spmv_csr_warp_per_row..,68.80,0.00,80.79,28.61,40," 8192,    1,    1","  256,    1,    1",Kernel: SIMT,"103,137"
691,0.00,spmv_csr_warp_per_row,spmv_csr_warp_per_row..,68.86,0.00,80.80,28.62,40," 8192,    1,    1","  256,    1,    1",Kernel: SIMT,"103,178"
692,0.00,spmv_csr_warp_per_row,spmv_csr_warp_per_row..,68.77,0.00,80.72,28.59,40," 8192,    1,    1","  256,    1,    1",Kernel: SIMT,"103,058"
693,0.00,spmv_csr_warp_per_row,spmv_csr_warp_per_row..,68.86,0.00,80.77,28.61,40," 8192,    1,    1","  256,    1,    1",Kernel: SIMT,"103,218"
694,0.00,spmv_csr_warp_per_row,spmv_csr_warp_per_row..,68.99,0.00,80.51,28.51,40," 8192,    1,    1","  256,    1,    1",Kernel: SIMT,"103,373"
695,0.00,spmv_csr_warp_per_row,spmv_csr_warp_per_row..,68.80,0.00,80.79,28.61,40," 8192,    1,    1","  256,    1,    1",Kernel: SIMT,"103,114"
696,0.00,spmv_csr_warp_per_row,spmv_csr_warp_per_row..,68.93,0.00,80.79,28.61,40," 8192,    1,    1","  256,    1,    1",Kernel: SIMT,"103,338"
697,0.00,spmv_csr_warp_per_row,spmv_csr_warp_per_row..,68.96,0.00,80.85,28.63,40," 8192,    1,    1","  256,    1,    1",Kernel: SIMT,"103,339"
698,5.04,spmv_csr_warp_per_row,spmv_csr_warp_per_row..,68.86,3.47,80.71,28.58,40," 8192,    1,    1","  256,    1,    1",Kernel: SIMT,"103,222"
699,0.00,spmv_csr_warp_per_row,spmv_csr_warp_per_row..,68.80,0.00,80.78,28.61,40," 8192,    1,    1","  256,    1,    1",Kernel: SIMT,"103,072"
700,0.00,spmv_csr_warp_per_row,spmv_csr_warp_per_row..,68.83,0.00,80.81,28.62,40," 8192,    1,    1","  256,    1,    1",Kernel: SIMT,"103,170"
701,0.00,spmv_csr_warp_per_row,spmv_csr_warp_per_row..,68.86,0.00,80.77,28.61,40," 8192,    1,    1","  256,    1,    1",Kernel: SIMT,"103,223"
702,0.00,spmv_csr_warp_per_row,spmv_csr_warp_per_row..,68.80,0.00,80.76,28.60,40," 8192,    1,    1","  256,    1,    1",Kernel: SIMT,"103,120"
703,0.00,spmv_csr_warp_per_row,spmv_csr_warp_per_row..,68.80,0.00,80.76,28.60,40," 8192,    1,    1","  256,    1,    1",Kernel: SIMT,"103,118"
704,0.00,spmv_csr_warp_per_row,spmv_csr_warp_per_row..,69.28,0.00,80.72,28.59,40," 8192,    1,    1","  256,    1,    1",Kernel: SIMT,"103,784"
705,0.00,spmv_csr_warp_per_row,spmv_csr_warp_per_row..,69.02,0.00,80.64,28.56,40," 8192,    1,    1","  256,    1,    1",Kernel: SIMT,"103,411"
706,5.60,spmv_csr_warp_per_row,spmv_csr_warp_per_row..,68.90,3.86,80.75,28.60,40," 8192,    1,    1","  256,    1,    1",Kernel: SIMT,"103,254"
707,0.00,spmv_csr_warp_per_row,spmv_csr_warp_per_row..,68.93,0.00,80.73,28.59,40," 8192,    1,    1","  256,    1,    1",Kernel: SIMT,"103,314"
708,0.00,spmv_csr_warp_per_row,spmv_csr_warp_per_row..,68.80,0.00,80.75,28.60,40," 8192,    1,    1","  256,    1,    1",Kernel: SIMT,"103,113"
709,0.00,spmv_csr_warp_per_row,spmv_csr_warp_per_row..,69.22,0.00,80.78,28.61,40," 8192,    1,    1","  256,    1,    1",Kernel: SIMT,"103,665"
710,5.04,spmv_csr_warp_per_row,spmv_csr_warp_per_row..,69.02,3.48,80.78,28.61,40," 8192,    1,    1","  256,    1,    1",Kernel: SIMT,"103,422"
711,0.00,spmv_csr_warp_per_row,spmv_csr_warp_per_row..,68.77,0.00,80.72,28.59,40," 8192,    1,    1","  256,    1,    1",Kernel: SIMT,"103,068"
712,0.00,spmv_csr_warp_per_row,spmv_csr_warp_per_row..,69.02,0.00,80.72,28.59,40," 8192,    1,    1","  256,    1,    1",Kernel: SIMT,"103,445"
713,0.00,spmv_csr_warp_per_row,spmv_csr_warp_per_row..,68.86,0.00,80.77,28.61,40," 8192,    1,    1","  256,    1,    1",Kernel: SIMT,"103,223"
714,0.00,spmv_csr_warp_per_row,spmv_csr_warp_per_row..,68.99,0.00,80.85,28.63,40," 8192,    1,    1","  256,    1,    1",Kernel: SIMT,"103,433"
715,0.00,spmv_csr_warp_per_row,spmv_csr_warp_per_row..,69.15,0.00,80.69,28.58,40," 8192,    1,    1","  256,    1,    1",Kernel: SIMT,"103,636"
716,0.00,spmv_csr_warp_per_row,spmv_csr_warp_per_row..,68.93,0.00,80.80,28.62,40," 8192,    1,    1","  256,    1,    1",Kernel: SIMT,"103,291"
717,0.00,spmv_csr_warp_per_row,spmv_csr_warp_per_row..,68.90,0.00,80.63,28.56,40," 8192,    1,    1","  256,    1,    1",Kernel: SIMT,"103,279"
718,5.23,spmv_csr_warp_per_row,spmv_csr_warp_per_row..,68.80,3.60,80.81,28.62,40," 8192,    1,    1","  256,    1,    1",Kernel: SIMT,"103,107"
719,0.00,spmv_csr_warp_per_row,spmv_csr_warp_per_row..,68.99,0.00,80.69,28.58,40," 8192,    1,    1","  256,    1,    1",Kernel: SIMT,"103,360"
720,0.00,spmv_csr_warp_per_row,spmv_csr_warp_per_row..,69.02,0.00,80.75,28.60,40," 8192,    1,    1","  256,    1,    1",Kernel: SIMT,"103,406"
721,0.00,spmv_csr_warp_per_row,spmv_csr_warp_per_row..,68.96,0.00,80.79,28.61,40," 8192,    1,    1","  256,    1,    1",Kernel: SIMT,"103,327"
722,5.35,spmv_csr_warp_per_row,spmv_csr_warp_per_row..,68.96,3.69,80.73,28.59,40," 8192,    1,    1","  256,    1,    1",Kernel: SIMT,"103,328"
723,0.00,spmv_csr_warp_per_row,spmv_csr_warp_per_row..,68.83,0.00,80.54,28.52,40," 8192,    1,    1","  256,    1,    1",Kernel: SIMT,"103,154"
724,0.00,spmv_csr_warp_per_row,spmv_csr_warp_per_row..,68.90,0.00,80.75,28.60,40," 8192,    1,    1","  256,    1,    1",Kernel: SIMT,"103,241"
725,0.00,spmv_csr_warp_per_row,spmv_csr_warp_per_row..,68.83,0.00,80.69,28.58,40," 8192,    1,    1","  256,    1,    1",Kernel: SIMT,"103,149"
726,0.00,spmv_csr_warp_per_row,spmv_csr_warp_per_row..,68.80,0.00,80.85,28.63,40," 8192,    1,    1","  256,    1,    1",Kernel: SIMT,"103,132"
727,0.00,spmv_csr_warp_per_row,spmv_csr_warp_per_row..,68.86,0.00,80.66,28.57,40," 8192,    1,    1","  256,    1,    1",Kernel: SIMT,"103,210"
728,0.00,spmv_csr_warp_per_row,spmv_csr_warp_per_row..,68.77,0.00,80.70,28.58,40," 8192,    1,    1","  256,    1,    1",Kernel: SIMT,"103,073"
729,0.00,spmv_csr_warp_per_row,spmv_csr_warp_per_row..,68.90,0.00,80.80,28.62,40," 8192,    1,    1","  256,    1,    1",Kernel: SIMT,"103,268"
730,5.10,spmv_csr_warp_per_row,spmv_csr_warp_per_row..,68.83,3.51,80.86,28.64,40," 8192,    1,    1","  256,    1,    1",Kernel: SIMT,"103,178"
731,5.15,spmv_csr_warp_per_row,spmv_csr_warp_per_row..,69.12,3.56,80.79,28.61,40," 8192,    1,    1","  256,    1,    1",Kernel: SIMT,"103,531"
732,0.00,spmv_csr_warp_per_row,spmv_csr_warp_per_row..,68.99,0.00,80.77,28.61,40," 8192,    1,    1","  256,    1,    1",Kernel: SIMT,"103,363"
733,0.00,spmv_csr_warp_per_row,spmv_csr_warp_per_row..,68.86,0.00,80.83,28.63,40," 8192,    1,    1","  256,    1,    1",Kernel: SIMT,"103,183"
734,0.00,spmv_csr_warp_per_row,spmv_csr_warp_per_row..,68.86,0.00,80.81,28.62,40," 8192,    1,    1","  256,    1,    1",Kernel: SIMT,"103,205"
735,0.00,spmv_csr_warp_per_row,spmv_csr_warp_per_row..,68.86,0.00,80.75,28.60,40," 8192,    1,    1","  256,    1,    1",Kernel: SIMT,"103,195"
736,0.00,spmv_csr_warp_per_row,spmv_csr_warp_per_row..,68.86,0.00,80.74,28.60,40," 8192,    1,    1","  256,    1,    1",Kernel: SIMT,"103,202"
737,0.00,spmv_csr_warp_per_row,spmv_csr_warp_per_row..,68.96,0.00,80.66,28.57,40," 8192,    1,    1","  256,    1,    1",Kernel: SIMT,"103,355"
738,0.00,spmv_csr_warp_per_row,spmv_csr_warp_per_row..,68.83,0.00,80.71,28.58,40," 8192,    1,    1","  256,    1,    1",Kernel: SIMT,"103,113"
739,5.08,spmv_csr_warp_per_row,spmv_csr_warp_per_row..,68.83,3.50,80.60,28.55,40," 8192,    1,    1","  256,    1,    1",Kernel: SIMT,"103,161"
740,0.00,spmv_csr_warp_per_row,spmv_csr_warp_per_row..,68.80,0.00,80.80,28.62,40," 8192,    1,    1","  256,    1,    1",Kernel: SIMT,"103,108"
741,0.00,spmv_csr_warp_per_row,spmv_csr_warp_per_row..,69.15,0.00,80.77,28.61,40," 8192,    1,    1","  256,    1,    1",Kernel: SIMT,"103,600"
742,0.00,spmv_csr_warp_per_row,spmv_csr_warp_per_row..,68.86,0.00,80.74,28.60,40," 8192,    1,    1","  256,    1,    1",Kernel: SIMT,"103,178"
743,0.00,spmv_csr_warp_per_row,spmv_csr_warp_per_row..,68.80,0.00,80.73,28.59,40," 8192,    1,    1","  256,    1,    1",Kernel: SIMT,"103,112"
744,0.00,spmv_csr_warp_per_row,spmv_csr_warp_per_row..,68.80,0.00,80.69,28.58,40," 8192,    1,    1","  256,    1,    1",Kernel: SIMT,"103,139"
745,0.00,spmv_csr_warp_per_row,spmv_csr_warp_per_row..,68.96,0.00,80.62,28.55,40," 8192,    1,    1","  256,    1,    1",Kernel: SIMT,"103,343"
746,0.00,spmv_csr_warp_per_row,spmv_csr_warp_per_row..,68.80,0.00,80.82,28.62,40," 8192,    1,    1","  256,    1,    1",Kernel: SIMT,"103,078"
747,0.00,spmv_csr_warp_per_row,spmv_csr_warp_per_row..,68.77,0.00,80.70,28.58,40," 8192,    1,    1","  256,    1,    1",Kernel: SIMT,"103,092"
748,0.00,spmv_csr_warp_per_row,spmv_csr_warp_per_row..,68.86,0.00,80.70,28.58,40," 8192,    1,    1","  256,    1,    1",Kernel: SIMT,"103,174"
749,0.00,spmv_csr_warp_per_row,spmv_csr_warp_per_row..,68.74,0.00,80.81,28.62,40," 8192,    1,    1","  256,    1,    1",Kernel: SIMT,"103,038"
750,0.00,spmv_csr_warp_per_row,spmv_csr_warp_per_row..,68.77,0.00,80.75,28.60,40," 8192,    1,    1","  256,    1,    1",Kernel: SIMT,"103,076"
751,0.00,spmv_csr_warp_per_row,spmv_csr_warp_per_row..,68.83,0.00,80.77,28.61,40," 8192,    1,    1","  256,    1,    1",Kernel: SIMT,"103,210"
752,0.00,spmv_csr_warp_per_row,spmv_csr_warp_per_row..,68.77,0.00,80.73,28.59,40," 8192,    1,    1","  256,    1,    1",Kernel: SIMT,"103,068"
753,0.00,spmv_csr_warp_per_row,spmv_csr_warp_per_row..,68.83,0.00,80.81,28.62,40," 8192,    1,    1","  256,    1,    1",Kernel: SIMT,"103,165"
754,0.00,spmv_csr_warp_per_row,spmv_csr_warp_per_row..,68.86,0.00,80.77,28.61,40," 8192,    1,    1","  256,    1,    1",Kernel: SIMT,"103,200"
755,0.00,spmv_csr_warp_per_row,spmv_csr_warp_per_row..,68.96,0.00,80.76,28.60,40," 8192,    1,    1","  256,    1,    1",Kernel: SIMT,"103,330"
756,0.00,spmv_csr_warp_per_row,spmv_csr_warp_per_row..,68.99,0.00,80.82,28.63,40," 8192,    1,    1","  256,    1,    1",Kernel: SIMT,"103,378"
757,0.00,spmv_csr_warp_per_row,spmv_csr_warp_per_row..,68.93,0.00,80.58,28.54,40," 8192,    1,    1","  256,    1,    1",Kernel: SIMT,"103,262"
758,0.00,spmv_csr_warp_per_row,spmv_csr_warp_per_row..,68.93,0.00,80.69,28.58,40," 8192,    1,    1","  256,    1,    1",Kernel: SIMT,"103,309"
759,0.00,spmv_csr_warp_per_row,spmv_csr_warp_per_row..,68.74,0.00,80.64,28.56,40," 8192,    1,    1","  256,    1,    1",Kernel: SIMT,"103,056"
760,0.00,spmv_csr_warp_per_row,spmv_csr_warp_per_row..,68.93,0.00,80.74,28.60,40," 8192,    1,    1","  256,    1,    1",Kernel: SIMT,"103,315"
761,0.00,spmv_csr_warp_per_row,spmv_csr_warp_per_row..,69.02,0.00,80.71,28.58,40," 8192,    1,    1","  256,    1,    1",Kernel: SIMT,"103,427"
762,0.00,spmv_csr_warp_per_row,spmv_csr_warp_per_row..,69.06,0.00,80.64,28.56,40," 8192,    1,    1","  256,    1,    1",Kernel: SIMT,"103,481"
763,0.00,spmv_csr_warp_per_row,spmv_csr_warp_per_row..,68.96,0.00,80.82,28.62,40," 8192,    1,    1","  256,    1,    1",Kernel: SIMT,"103,315"
764,0.00,spmv_csr_warp_per_row,spmv_csr_warp_per_row..,68.86,0.00,80.68,28.57,40," 8192,    1,    1","  256,    1,    1",Kernel: SIMT,"103,192"
765,0.00,spmv_csr_warp_per_row,spmv_csr_warp_per_row..,68.77,0.00,80.67,28.57,40," 8192,    1,    1","  256,    1,    1",Kernel: SIMT,"103,080"
766,0.00,spmv_csr_warp_per_row,spmv_csr_warp_per_row..,69.06,0.00,80.79,28.61,40," 8192,    1,    1","  256,    1,    1",Kernel: SIMT,"103,506"
767,5.24,spmv_csr_warp_per_row,spmv_csr_warp_per_row..,68.80,3.60,80.76,28.60,40," 8192,    1,    1","  256,    1,    1",Kernel: SIMT,"103,093"
768,0.00,spmv_csr_warp_per_row,spmv_csr_warp_per_row..,68.90,0.00,80.73,28.59,40," 8192,    1,    1","  256,    1,    1",Kernel: SIMT,"103,241"
769,5.26,spmv_csr_warp_per_row,spmv_csr_warp_per_row..,68.77,3.62,80.80,28.62,40," 8192,    1,    1","  256,    1,    1",Kernel: SIMT,"103,082"
770,0.00,spmv_csr_warp_per_row,spmv_csr_warp_per_row..,68.93,0.00,80.89,28.65,40," 4096,    1,    1","  512,    1,    1",Kernel: SIMT,"103,332"
771,0.00,spmv_csr_warp_per_row,spmv_csr_warp_per_row..,69.28,0.00,80.73,28.59,40," 4096,    1,    1","  512,    1,    1",Kernel: SIMT,"103,814"
772,0.00,spmv_csr_warp_per_row,spmv_csr_warp_per_row..,68.80,0.00,78.80,27.91,40," 4096,    1,    1","  512,    1,    1",Kernel: SIMT,"103,096"
773,0.00,spmv_csr_warp_per_row,spmv_csr_warp_per_row..,68.86,0.00,80.84,28.63,40," 4096,    1,    1","  512,    1,    1",Kernel: SIMT,"103,209"
774,0.00,spmv_csr_warp_per_row,spmv_csr_warp_per_row..,68.70,0.00,80.91,28.66,40," 4096,    1,    1","  512,    1,    1",Kernel: SIMT,"102,960"
775,0.00,spmv_csr_warp_per_row,spmv_csr_warp_per_row..,68.80,0.00,80.84,28.63,40," 4096,    1,    1","  512,    1,    1",Kernel: SIMT,"103,166"
776,0.00,spmv_csr_warp_per_row,spmv_csr_warp_per_row..,69.02,0.00,80.87,28.64,40," 4096,    1,    1","  512,    1,    1",Kernel: SIMT,"103,396"
777,0.00,spmv_csr_warp_per_row,spmv_csr_warp_per_row..,68.93,0.00,80.90,28.65,40," 4096,    1,    1","  512,    1,    1",Kernel: SIMT,"103,301"
778,0.00,spmv_csr_warp_per_row,spmv_csr_warp_per_row..,68.90,0.00,80.89,28.65,40," 4096,    1,    1","  512,    1,    1",Kernel: SIMT,"103,239"
779,0.00,spmv_csr_warp_per_row,spmv_csr_warp_per_row..,68.74,0.00,80.77,28.60,40," 4096,    1,    1","  512,    1,    1",Kernel: SIMT,"103,033"
780,0.00,spmv_csr_warp_per_row,spmv_csr_warp_per_row..,68.83,0.00,80.76,28.60,40," 4096,    1,    1","  512,    1,    1",Kernel: SIMT,"103,163"
781,0.00,spmv_csr_warp_per_row,spmv_csr_warp_per_row..,68.86,0.00,80.79,28.61,40," 4096,    1,    1","  512,    1,    1",Kernel: SIMT,"103,229"
782,0.00,spmv_csr_warp_per_row,spmv_csr_warp_per_row..,68.80,0.00,80.75,28.60,40," 4096,    1,    1","  512,    1,    1",Kernel: SIMT,"103,103"
783,0.00,spmv_csr_warp_per_row,spmv_csr_warp_per_row..,69.02,0.00,80.81,28.62,40," 4096,    1,    1","  512,    1,    1",Kernel: SIMT,"103,409"
784,0.00,spmv_csr_warp_per_row,spmv_csr_warp_per_row..,68.96,0.00,80.93,28.66,40," 4096,    1,    1","  512,    1,    1",Kernel: SIMT,"103,333"
785,0.00,spmv_csr_warp_per_row,spmv_csr_warp_per_row..,68.70,0.00,80.84,28.63,40," 4096,    1,    1","  512,    1,    1",Kernel: SIMT,"102,995"
786,0.00,spmv_csr_warp_per_row,spmv_csr_warp_per_row..,68.96,0.00,80.73,28.59,40," 4096,    1,    1","  512,    1,    1",Kernel: SIMT,"103,351"
787,0.00,spmv_csr_warp_per_row,spmv_csr_warp_per_row..,68.80,0.00,80.74,28.60,40," 4096,    1,    1","  512,    1,    1",Kernel: SIMT,"103,120"
788,0.00,spmv_csr_warp_per_row,spmv_csr_warp_per_row..,68.96,0.00,80.83,28.63,40," 4096,    1,    1","  512,    1,    1",Kernel: SIMT,"103,376"
789,0.00,spmv_csr_warp_per_row,spmv_csr_warp_per_row..,68.70,0.00,80.87,28.64,40," 4096,    1,    1","  512,    1,    1",Kernel: SIMT,"102,995"
790,0.00,spmv_csr_warp_per_row,spmv_csr_warp_per_row..,68.70,0.00,80.94,28.67,40," 4096,    1,    1","  512,    1,    1",Kernel: SIMT,"102,997"
791,0.00,spmv_csr_warp_per_row,spmv_csr_warp_per_row..,68.96,0.00,80.73,28.59,40," 4096,    1,    1","  512,    1,    1",Kernel: SIMT,"103,355"
792,0.00,spmv_csr_warp_per_row,spmv_csr_warp_per_row..,68.74,0.00,80.85,28.64,40," 4096,    1,    1","  512,    1,    1",Kernel: SIMT,"102,997"
793,0.00,spmv_csr_warp_per_row,spmv_csr_warp_per_row..,68.86,0.00,80.68,28.57,40," 4096,    1,    1","  512,    1,    1",Kernel: SIMT,"103,226"
794,0.00,spmv_csr_warp_per_row,spmv_csr_warp_per_row..,68.83,0.00,80.79,28.61,40," 4096,    1,    1","  512,    1,    1",Kernel: SIMT,"103,128"
795,0.00,spmv_csr_warp_per_row,spmv_csr_warp_per_row..,68.96,0.00,80.79,28.61,40," 4096,    1,    1","  512,    1,    1",Kernel: SIMT,"103,341"
796,0.00,spmv_csr_warp_per_row,spmv_csr_warp_per_row..,68.86,0.00,80.80,28.62,40," 4096,    1,    1","  512,    1,    1",Kernel: SIMT,"103,227"
797,0.00,spmv_csr_warp_per_row,spmv_csr_warp_per_row..,68.83,0.00,80.82,28.63,40," 4096,    1,    1","  512,    1,    1",Kernel: SIMT,"103,143"
798,0.00,spmv_csr_warp_per_row,spmv_csr_warp_per_row..,68.86,0.00,80.76,28.60,40," 4096,    1,    1","  512,    1,    1",Kernel: SIMT,"103,229"
799,0.00,spmv_csr_warp_per_row,spmv_csr_warp_per_row..,68.80,0.00,80.87,28.64,40," 4096,    1,    1","  512,    1,    1",Kernel: SIMT,"103,109"
800,0.00,spmv_csr_warp_per_row,spmv_csr_warp_per_row..,68.90,0.00,80.74,28.60,40," 4096,    1,    1","  512,    1,    1",Kernel: SIMT,"103,233"
801,0.00,spmv_csr_warp_per_row,spmv_csr_warp_per_row..,68.83,0.00,80.79,28.61,40," 4096,    1,    1","  512,    1,    1",Kernel: SIMT,"103,124"
802,0.00,spmv_csr_warp_per_row,spmv_csr_warp_per_row..,69.02,0.00,80.81,28.62,40," 4096,    1,    1","  512,    1,    1",Kernel: SIMT,"103,464"
803,0.00,spmv_csr_warp_per_row,spmv_csr_warp_per_row..,68.93,0.00,80.81,28.62,40," 4096,    1,    1","  512,    1,    1",Kernel: SIMT,"103,306"
804,0.00,spmv_csr_warp_per_row,spmv_csr_warp_per_row..,69.06,0.00,80.77,28.60,40," 4096,    1,    1","  512,    1,    1",Kernel: SIMT,"103,469"
805,0.00,spmv_csr_warp_per_row,spmv_csr_warp_per_row..,68.99,0.00,80.85,28.63,40," 4096,    1,    1","  512,    1,    1",Kernel: SIMT,"103,393"
806,0.00,spmv_csr_warp_per_row,spmv_csr_warp_per_row..,68.74,0.00,80.91,28.65,40," 4096,    1,    1","  512,    1,    1",Kernel: SIMT,"103,067"
807,0.00,spmv_csr_warp_per_row,spmv_csr_warp_per_row..,68.90,0.00,80.81,28.62,40," 4096,    1,    1","  512,    1,    1",Kernel: SIMT,"103,242"
808,0.00,spmv_csr_warp_per_row,spmv_csr_warp_per_row..,68.93,0.00,80.64,28.56,40," 4096,    1,    1","  512,    1,    1",Kernel: SIMT,"103,262"
809,0.00,spmv_csr_warp_per_row,spmv_csr_warp_per_row..,68.83,0.00,80.77,28.60,40," 4096,    1,    1","  512,    1,    1",Kernel: SIMT,"103,142"
810,0.00,spmv_csr_warp_per_row,spmv_csr_warp_per_row..,68.93,0.00,80.82,28.62,40," 4096,    1,    1","  512,    1,    1",Kernel: SIMT,"103,300"
811,0.00,spmv_csr_warp_per_row,spmv_csr_warp_per_row..,68.83,0.00,80.70,28.58,40," 4096,    1,    1","  512,    1,    1",Kernel: SIMT,"103,169"
812,0.00,spmv_csr_warp_per_row,spmv_csr_warp_per_row..,68.77,0.00,80.81,28.62,40," 4096,    1,    1","  512,    1,    1",Kernel: SIMT,"103,097"
813,0.00,spmv_csr_warp_per_row,spmv_csr_warp_per_row..,68.70,0.00,80.85,28.63,40," 4096,    1,    1","  512,    1,    1",Kernel: SIMT,"102,960"
814,0.00,spmv_csr_warp_per_row,spmv_csr_warp_per_row..,68.93,0.00,80.85,28.63,40," 4096,    1,    1","  512,    1,    1",Kernel: SIMT,"103,280"
815,0.00,spmv_csr_warp_per_row,spmv_csr_warp_per_row..,68.77,0.00,80.87,28.64,40," 4096,    1,    1","  512,    1,    1",Kernel: SIMT,"103,103"
816,0.00,spmv_csr_warp_per_row,spmv_csr_warp_per_row..,68.83,0.00,80.89,28.65,40," 4096,    1,    1","  512,    1,    1",Kernel: SIMT,"103,190"
817,0.00,spmv_csr_warp_per_row,spmv_csr_warp_per_row..,69.15,0.00,80.85,28.63,40," 4096,    1,    1","  512,    1,    1",Kernel: SIMT,"103,616"
818,0.00,spmv_csr_warp_per_row,spmv_csr_warp_per_row..,68.99,0.00,80.81,28.62,40," 4096,    1,    1","  512,    1,    1",Kernel: SIMT,"103,405"
819,0.00,spmv_csr_warp_per_row,spmv_csr_warp_per_row..,68.93,0.00,80.76,28.60,40," 4096,    1,    1","  512,    1,    1",Kernel: SIMT,"103,306"
820,0.00,spmv_csr_warp_per_row,spmv_csr_warp_per_row..,68.70,0.00,80.84,28.63,40," 4096,    1,    1","  512,    1,    1",Kernel: SIMT,"102,992"
821,0.00,spmv_csr_warp_per_row,spmv_csr_warp_per_row..,68.80,0.00,80.89,28.65,40," 4096,    1,    1","  512,    1,    1",Kernel: SIMT,"103,133"
822,0.00,spmv_csr_warp_per_row,spmv_csr_warp_per_row..,68.93,0.00,80.79,28.61,40," 4096,    1,    1","  512,    1,    1",Kernel: SIMT,"103,324"
823,0.00,spmv_csr_warp_per_row,spmv_csr_warp_per_row..,68.86,0.00,80.87,28.64,40," 4096,    1,    1","  512,    1,    1",Kernel: SIMT,"103,189"
824,0.00,spmv_csr_warp_per_row,spmv_csr_warp_per_row..,68.86,0.00,80.85,28.63,40," 4096,    1,    1","  512,    1,    1",Kernel: SIMT,"103,206"
825,0.00,spmv_csr_warp_per_row,spmv_csr_warp_per_row..,69.06,0.00,80.71,28.59,40," 4096,    1,    1","  512,    1,    1",Kernel: SIMT,"103,462"
826,0.00,spmv_csr_warp_per_row,spmv_csr_warp_per_row..,68.93,0.00,80.83,28.63,40," 4096,    1,    1","  512,    1,    1",Kernel: SIMT,"103,271"
827,0.00,spmv_csr_warp_per_row,spmv_csr_warp_per_row..,68.80,0.00,80.57,28.54,40," 4096,    1,    1","  512,    1,    1",Kernel: SIMT,"103,071"
828,0.00,spmv_csr_warp_per_row,spmv_csr_warp_per_row..,68.80,0.00,80.75,28.60,40," 4096,    1,    1","  512,    1,    1",Kernel: SIMT,"103,121"
829,0.00,spmv_csr_warp_per_row,spmv_csr_warp_per_row..,69.02,0.00,80.83,28.63,40," 4096,    1,    1","  512,    1,    1",Kernel: SIMT,"103,436"
830,0.00,spmv_csr_warp_per_row,spmv_csr_warp_per_row..,68.80,0.00,80.85,28.63,40," 4096,    1,    1","  512,    1,    1",Kernel: SIMT,"103,126"
831,0.00,spmv_csr_warp_per_row,spmv_csr_warp_per_row..,68.83,0.00,80.86,28.64,40," 4096,    1,    1","  512,    1,    1",Kernel: SIMT,"103,145"
832,0.00,spmv_csr_warp_per_row,spmv_csr_warp_per_row..,68.70,0.00,80.88,28.64,40," 4096,    1,    1","  512,    1,    1",Kernel: SIMT,"102,982"
833,0.00,spmv_csr_warp_per_row,spmv_csr_warp_per_row..,68.83,0.00,80.89,28.65,40," 4096,    1,    1","  512,    1,    1",Kernel: SIMT,"103,150"
834,0.00,spmv_csr_warp_per_row,spmv_csr_warp_per_row..,68.74,0.00,80.90,28.65,40," 4096,    1,    1","  512,    1,    1",Kernel: SIMT,"103,028"
835,0.00,spmv_csr_warp_per_row,spmv_csr_warp_per_row..,68.80,0.00,80.92,28.66,40," 4096,    1,    1","  512,    1,    1",Kernel: SIMT,"103,139"
836,0.00,spmv_csr_warp_per_row,spmv_csr_warp_per_row..,69.02,0.00,80.91,28.65,40," 4096,    1,    1","  512,    1,    1",Kernel: SIMT,"103,404"
837,0.00,spmv_csr_warp_per_row,spmv_csr_warp_per_row..,68.90,0.00,80.74,28.59,40," 4096,    1,    1","  512,    1,    1",Kernel: SIMT,"103,217"
838,0.00,spmv_csr_warp_per_row,spmv_csr_warp_per_row..,68.83,0.00,80.68,28.57,40," 4096,    1,    1","  512,    1,    1",Kernel: SIMT,"103,120"
839,0.00,spmv_csr_warp_per_row,spmv_csr_warp_per_row..,68.83,0.00,80.83,28.63,40," 4096,    1,    1","  512,    1,    1",Kernel: SIMT,"103,155"
840,0.00,spmv_csr_warp_per_row,spmv_csr_warp_per_row..,68.99,0.00,80.76,28.60,40," 4096,    1,    1","  512,    1,    1",Kernel: SIMT,"103,387"
841,0.00,spmv_csr_warp_per_row,spmv_csr_warp_per_row..,68.90,0.00,80.73,28.59,40," 4096,    1,    1","  512,    1,    1",Kernel: SIMT,"103,272"
842,0.00,spmv_csr_warp_per_row,spmv_csr_warp_per_row..,68.96,0.00,80.82,28.62,40," 4096,    1,    1","  512,    1,    1",Kernel: SIMT,"103,317"
843,0.00,spmv_csr_warp_per_row,spmv_csr_warp_per_row..,68.80,0.00,80.74,28.60,40," 4096,    1,    1","  512,    1,    1",Kernel: SIMT,"103,123"
844,0.00,spmv_csr_warp_per_row,spmv_csr_warp_per_row..,68.80,0.00,80.73,28.59,40," 4096,    1,    1","  512,    1,    1",Kernel: SIMT,"103,080"
845,0.00,spmv_csr_warp_per_row,spmv_csr_warp_per_row..,68.99,0.00,80.91,28.65,40," 4096,    1,    1","  512,    1,    1",Kernel: SIMT,"103,375"
846,0.00,spmv_csr_warp_per_row,spmv_csr_warp_per_row..,69.09,0.00,80.79,28.61,40," 4096,    1,    1","  512,    1,    1",Kernel: SIMT,"103,538"
847,0.00,spmv_csr_warp_per_row,spmv_csr_warp_per_row..,68.99,0.00,80.72,28.59,40," 4096,    1,    1","  512,    1,    1",Kernel: SIMT,"103,387"
848,0.00,spmv_csr_warp_per_row,spmv_csr_warp_per_row..,68.80,0.00,80.73,28.59,40," 4096,    1,    1","  512,    1,    1",Kernel: SIMT,"103,110"
849,0.00,spmv_csr_warp_per_row,spmv_csr_warp_per_row..,68.80,0.00,80.84,28.63,40," 4096,    1,    1","  512,    1,    1",Kernel: SIMT,"103,141"
850,0.00,spmv_csr_warp_per_row,spmv_csr_warp_per_row..,68.80,0.00,80.90,28.65,40," 4096,    1,    1","  512,    1,    1",Kernel: SIMT,"103,118"
851,0.00,spmv_csr_warp_per_row,spmv_csr_warp_per_row..,68.74,0.00,80.88,28.64,40," 4096,    1,    1","  512,    1,    1",Kernel: SIMT,"102,994"
852,0.00,spmv_csr_warp_per_row,spmv_csr_warp_per_row..,68.74,0.00,80.73,28.59,40," 4096,    1,    1","  512,    1,    1",Kernel: SIMT,"103,007"
853,0.00,spmv_csr_warp_per_row,spmv_csr_warp_per_row..,68.86,0.00,80.76,28.60,40," 4096,    1,    1","  512,    1,    1",Kernel: SIMT,"103,181"
854,0.00,spmv_csr_warp_per_row,spmv_csr_warp_per_row..,68.67,0.00,80.87,28.64,40," 4096,    1,    1","  512,    1,    1",Kernel: SIMT,"102,941"
855,0.00,spmv_csr_warp_per_row,spmv_csr_warp_per_row..,68.77,0.00,80.75,28.60,40," 4096,    1,    1","  512,    1,    1",Kernel: SIMT,"103,102"
856,0.00,spmv_csr_warp_per_row,spmv_csr_warp_per_row..,68.70,0.00,80.71,28.59,40," 4096,    1,    1","  512,    1,    1",Kernel: SIMT,"102,946"
857,0.00,spmv_csr_warp_per_row,spmv_csr_warp_per_row..,68.83,0.00,80.90,28.65,40," 4096,    1,    1","  512,    1,    1",Kernel: SIMT,"103,183"
858,0.00,spmv_csr_warp_per_row,spmv_csr_warp_per_row..,68.80,0.00,80.72,28.59,40," 4096,    1,    1","  512,    1,    1",Kernel: SIMT,"103,096"
859,0.00,spmv_csr_warp_per_row,spmv_csr_warp_per_row..,68.83,0.00,80.83,28.63,40," 4096,    1,    1","  512,    1,    1",Kernel: SIMT,"103,120"
860,0.00,spmv_csr_warp_per_row,spmv_csr_warp_per_row..,68.77,0.00,80.73,28.59,40," 4096,    1,    1","  512,    1,    1",Kernel: SIMT,"103,081"
861,0.00,spmv_csr_warp_per_row,spmv_csr_warp_per_row..,68.90,0.00,80.72,28.59,40," 4096,    1,    1","  512,    1,    1",Kernel: SIMT,"103,242"
862,0.00,spmv_csr_warp_per_row,spmv_csr_warp_per_row..,68.96,0.00,80.78,28.61,40," 4096,    1,    1","  512,    1,    1",Kernel: SIMT,"103,361"
863,0.00,spmv_csr_warp_per_row,spmv_csr_warp_per_row..,68.83,0.00,80.92,28.66,40," 4096,    1,    1","  512,    1,    1",Kernel: SIMT,"103,185"
864,0.00,spmv_csr_warp_per_row,spmv_csr_warp_per_row..,68.70,0.00,80.84,28.63,40," 4096,    1,    1","  512,    1,    1",Kernel: SIMT,"102,995"
865,0.00,spmv_csr_warp_per_row,spmv_csr_warp_per_row..,69.02,0.00,80.88,28.65,40," 4096,    1,    1","  512,    1,    1",Kernel: SIMT,"103,435"
866,0.00,spmv_csr_warp_per_row,spmv_csr_warp_per_row..,69.09,0.00,80.83,28.63,40," 4096,    1,    1","  512,    1,    1",Kernel: SIMT,"103,513"
867,0.00,spmv_csr_warp_per_row,spmv_csr_warp_per_row..,68.83,0.00,80.82,28.62,40," 4096,    1,    1","  512,    1,    1",Kernel: SIMT,"103,146"
868,0.00,spmv_csr_warp_per_row,spmv_csr_warp_per_row..,68.83,0.00,80.88,28.64,40," 4096,    1,    1","  512,    1,    1",Kernel: SIMT,"103,135"
869,0.00,spmv_csr_warp_per_row,spmv_csr_warp_per_row..,68.90,0.00,80.83,28.63,40," 4096,    1,    1","  512,    1,    1",Kernel: SIMT,"103,272"
870,0.00,spmv_csr_warp_per_row,spmv_csr_warp_per_row..,68.86,0.00,80.82,28.63,40," 4096,    1,    1","  512,    1,    1",Kernel: SIMT,"103,196"
871,0.00,spmv_csr_warp_per_row,spmv_csr_warp_per_row..,68.83,0.00,80.90,28.65,40," 4096,    1,    1","  512,    1,    1",Kernel: SIMT,"103,165"
872,0.00,spmv_csr_warp_per_row,spmv_csr_warp_per_row..,68.80,0.00,80.82,28.63,40," 4096,    1,    1","  512,    1,    1",Kernel: SIMT,"103,127"
873,0.00,spmv_csr_warp_per_row,spmv_csr_warp_per_row..,68.93,0.00,80.80,28.61,40," 4096,    1,    1","  512,    1,    1",Kernel: SIMT,"103,309"
874,0.00,spmv_csr_warp_per_row,spmv_csr_warp_per_row..,68.80,0.00,80.85,28.63,40," 4096,    1,    1","  512,    1,    1",Kernel: SIMT,"103,089"
875,0.00,spmv_csr_warp_per_row,spmv_csr_warp_per_row..,68.83,0.00,80.85,28.63,40," 4096,    1,    1","  512,    1,    1",Kernel: SIMT,"103,161"
876,0.00,spmv_csr_warp_per_row,spmv_csr_warp_per_row..,68.83,0.00,80.89,28.65,40," 4096,    1,    1","  512,    1,    1",Kernel: SIMT,"103,162"
877,0.00,spmv_csr_warp_per_row,spmv_csr_warp_per_row..,68.77,0.00,80.85,28.63,40," 4096,    1,    1","  512,    1,    1",Kernel: SIMT,"103,063"
878,0.00,spmv_csr_warp_per_row,spmv_csr_warp_per_row..,68.77,0.00,80.79,28.61,40," 4096,    1,    1","  512,    1,    1",Kernel: SIMT,"103,079"
879,0.00,spmv_csr_warp_per_row,spmv_csr_warp_per_row..,68.83,0.00,80.81,28.62,40," 4096,    1,    1","  512,    1,    1",Kernel: SIMT,"103,181"
880,97.37,csr_partition_kernel,..csr_partition_kernel..,8.51,8.29,0.08,1.25,22,"    2,    1,    1","  256,    1,    1",Kernel: SIMT,"12,694"
881,8.21,csrmv_v3_kernel,..integral_constant..,18.62,1.53,33.70,44.63,56,"  319,    1,    1","  128,    1,    1",Kernel: SIMT,"27,879"
882,97.37,csr_partition_kernel,..csr_partition_kernel..,8.54,8.32,0.08,1.25,22,"    2,    1,    1","  256,    1,    1",Kernel: SIMT,"12,711"
883,9.90,csrmv_v3_kernel,..integral_constant..,18.62,1.84,34.40,44.68,56,"  319,    1,    1","  128,    1,    1",Kernel: SIMT,"27,813"
884,97.37,csr_partition_kernel,..csr_partition_kernel..,8.48,8.26,0.08,1.27,22,"    2,    1,    1","  256,    1,    1",Kernel: SIMT,"12,603"
885,10.90,csrmv_v3_kernel,..integral_constant..,18.40,2.01,35.27,45.22,56,"  319,    1,    1","  128,    1,    1",Kernel: SIMT,"27,529"
886,97.37,csr_partition_kernel,..csr_partition_kernel..,8.51,8.29,0.08,1.26,22,"    2,    1,    1","  256,    1,    1",Kernel: SIMT,"12,680"
887,6.86,csrmv_v3_kernel,..integral_constant..,18.72,1.28,34.96,44.50,56,"  319,    1,    1","  128,    1,    1",Kernel: SIMT,"27,962"
888,97.37,csr_partition_kernel,..csr_partition_kernel..,8.42,8.19,0.08,1.27,22,"    2,    1,    1","  256,    1,    1",Kernel: SIMT,"12,488"
889,7.74,csrmv_v3_kernel,..integral_constant..,18.85,1.46,34.46,44.09,56,"  319,    1,    1","  128,    1,    1",Kernel: SIMT,"28,178"
890,97.37,csr_partition_kernel,..csr_partition_kernel..,8.61,8.38,0.08,1.24,22,"    2,    1,    1","  256,    1,    1",Kernel: SIMT,"12,830"
891,9.75,csrmv_v3_kernel,..integral_constant..,18.78,1.83,34.57,44.33,56,"  319,    1,    1","  128,    1,    1",Kernel: SIMT,"28,073"
892,97.37,csr_partition_kernel,..csr_partition_kernel..,8.38,8.16,0.08,1.27,22,"    2,    1,    1","  256,    1,    1",Kernel: SIMT,"12,503"
893,10.17,csrmv_v3_kernel,..integral_constant..,18.37,1.87,34.83,45.33,56,"  319,    1,    1","  128,    1,    1",Kernel: SIMT,"27,457"
894,97.37,csr_partition_kernel,..csr_partition_kernel..,8.64,8.41,0.08,1.37,22,"    2,    1,    1","  256,    1,    1",Kernel: SIMT,"12,873"
895,10.01,csrmv_v3_kernel,..integral_constant..,18.53,1.85,34.96,44.81,56,"  319,    1,    1","  128,    1,    1",Kernel: SIMT,"27,757"
896,97.37,csr_partition_kernel,..csr_partition_kernel..,8.58,8.35,0.08,1.25,22,"    2,    1,    1","  256,    1,    1",Kernel: SIMT,"12,739"
897,8.98,csrmv_v3_kernel,..integral_constant..,18.56,1.67,34.71,44.81,56,"  319,    1,    1","  128,    1,    1",Kernel: SIMT,"27,751"
898,97.37,csr_partition_kernel,..csr_partition_kernel..,8.48,8.26,0.08,1.26,22,"    2,    1,    1","  256,    1,    1",Kernel: SIMT,"12,609"
899,9.82,csrmv_v3_kernel,..integral_constant..,18.75,1.84,34.14,44.36,56,"  319,    1,    1","  128,    1,    1",Kernel: SIMT,"28,053"
900,97.37,csr_partition_kernel,..csr_partition_kernel..,8.38,8.16,0.08,1.28,22,"    2,    1,    1","  256,    1,    1",Kernel: SIMT,"12,468"
901,9.20,csrmv_v3_kernel,..integral_constant..,18.66,1.72,35.02,44.60,56,"  319,    1,    1","  128,    1,    1",Kernel: SIMT,"27,901"
902,97.37,csr_partition_kernel,..csr_partition_kernel..,8.32,8.10,0.08,1.29,22,"    2,    1,    1","  256,    1,    1",Kernel: SIMT,"12,399"
903,8.95,csrmv_v3_kernel,..integral_constant..,18.59,1.66,34.56,44.84,56,"  319,    1,    1","  128,    1,    1",Kernel: SIMT,"27,761"
904,97.37,csr_partition_kernel,..csr_partition_kernel..,8.42,8.19,0.08,1.58,22,"    2,    1,    1","  256,    1,    1",Kernel: SIMT,"12,540"
905,8.11,csrmv_v3_kernel,..integral_constant..,18.75,1.52,34.92,44.40,56,"  319,    1,    1","  128,    1,    1",Kernel: SIMT,"28,034"
906,97.37,csr_partition_kernel,..csr_partition_kernel..,8.54,8.32,0.08,1.26,22,"    2,    1,    1","  256,    1,    1",Kernel: SIMT,"12,687"
907,10.09,csrmv_v3_kernel,..integral_constant..,18.53,1.87,34.99,44.98,56,"  319,    1,    1","  128,    1,    1",Kernel: SIMT,"27,665"
908,97.37,csr_partition_kernel,..csr_partition_kernel..,8.32,8.10,0.08,1.34,22,"    2,    1,    1","  256,    1,    1",Kernel: SIMT,"12,384"
909,9.21,csrmv_v3_kernel,..integral_constant..,18.59,1.71,34.90,44.73,56,"  319,    1,    1","  128,    1,    1",Kernel: SIMT,"27,823"
910,97.37,csr_partition_kernel,..csr_partition_kernel..,8.38,8.16,0.08,1.28,22,"    2,    1,    1","  256,    1,    1",Kernel: SIMT,"12,472"
911,9.22,csrmv_v3_kernel,..integral_constant..,18.53,1.71,34.45,45.01,56,"  319,    1,    1","  128,    1,    1",Kernel: SIMT,"27,681"
912,97.37,csr_partition_kernel,..csr_partition_kernel..,8.38,8.16,0.08,1.28,22,"    2,    1,    1","  256,    1,    1",Kernel: SIMT,"12,480"
913,8.92,csrmv_v3_kernel,..integral_constant..,18.56,1.66,34.60,44.87,56,"  319,    1,    1","  128,    1,    1",Kernel: SIMT,"27,770"
914,97.37,csr_partition_kernel,..csr_partition_kernel..,8.51,8.29,0.07,1.25,22,"    2,    1,    1","  256,    1,    1",Kernel: SIMT,"12,682"
915,9.17,csrmv_v3_kernel,..integral_constant..,18.69,1.71,34.31,44.46,56,"  319,    1,    1","  128,    1,    1",Kernel: SIMT,"27,958"
916,97.37,csr_partition_kernel,..csr_partition_kernel..,8.45,8.23,0.08,1.34,22,"    2,    1,    1","  256,    1,    1",Kernel: SIMT,"12,539"
917,8.78,csrmv_v3_kernel,..integral_constant..,18.53,1.63,34.43,45.15,56,"  319,    1,    1","  128,    1,    1",Kernel: SIMT,"27,701"
918,97.37,csr_partition_kernel,..csr_partition_kernel..,8.58,8.35,0.08,1.59,22,"    2,    1,    1","  256,    1,    1",Kernel: SIMT,"12,781"
919,8.41,csrmv_v3_kernel,..integral_constant..,18.56,1.56,35.22,45.14,56,"  319,    1,    1","  128,    1,    1",Kernel: SIMT,"27,777"
920,97.37,csr_partition_kernel,..csr_partition_kernel..,8.32,8.10,0.08,1.28,22,"    2,    1,    1","  256,    1,    1",Kernel: SIMT,"12,405"
921,10.32,csrmv_v3_kernel,..integral_constant..,18.59,1.92,34.93,44.80,56,"  319,    1,    1","  128,    1,    1",Kernel: SIMT,"27,771"
922,97.37,csr_partition_kernel,..csr_partition_kernel..,8.42,8.19,0.08,1.27,22,"    2,    1,    1","  256,    1,    1",Kernel: SIMT,"12,503"
923,10.28,csrmv_v3_kernel,..integral_constant..,18.66,1.92,34.65,44.63,56,"  319,    1,    1","  128,    1,    1",Kernel: SIMT,"27,858"
924,97.37,csr_partition_kernel,..csr_partition_kernel..,8.45,8.23,0.08,1.27,22,"    2,    1,    1","  256,    1,    1",Kernel: SIMT,"12,592"
925,10.17,csrmv_v3_kernel,..integral_constant..,18.69,1.90,35.17,44.18,56,"  319,    1,    1","  128,    1,    1",Kernel: SIMT,"27,898"
926,97.37,csr_partition_kernel,..csr_partition_kernel..,8.29,8.07,0.08,1.29,22,"    2,    1,    1","  256,    1,    1",Kernel: SIMT,"12,323"
927,8.82,csrmv_v3_kernel,..integral_constant..,18.62,1.64,34.74,44.67,56,"  319,    1,    1","  128,    1,    1",Kernel: SIMT,"27,818"
928,97.37,csr_partition_kernel,..csr_partition_kernel..,8.54,8.32,0.08,1.25,22,"    2,    1,    1","  256,    1,    1",Kernel: SIMT,"12,697"
929,8.34,csrmv_v3_kernel,..integral_constant..,18.59,1.55,33.51,44.92,56,"  319,    1,    1","  128,    1,    1",Kernel: SIMT,"27,791"
930,97.37,csr_partition_kernel,..csr_partition_kernel..,8.42,8.19,0.08,1.27,22,"    2,    1,    1","  256,    1,    1",Kernel: SIMT,"12,514"
931,10.28,csrmv_v3_kernel,..integral_constant..,18.62,1.91,34.49,44.63,56,"  319,    1,    1","  128,    1,    1",Kernel: SIMT,"27,859"
932,97.37,csr_partition_kernel,..csr_partition_kernel..,8.64,8.41,0.08,1.24,22,"    2,    1,    1","  256,    1,    1",Kernel: SIMT,"12,870"
933,8.30,csrmv_v3_kernel,..integral_constant..,18.53,1.54,34.68,44.91,56,"  319,    1,    1","  128,    1,    1",Kernel: SIMT,"27,708"
934,97.37,csr_partition_kernel,..csr_partition_kernel..,8.42,8.19,0.08,1.60,22,"    2,    1,    1","  256,    1,    1",Kernel: SIMT,"12,526"
935,9.17,csrmv_v3_kernel,..integral_constant..,18.50,1.70,33.88,44.98,56,"  319,    1,    1","  128,    1,    1",Kernel: SIMT,"27,650"
936,97.37,csr_partition_kernel,..csr_partition_kernel..,8.54,8.32,0.08,1.25,22,"    2,    1,    1","  256,    1,    1",Kernel: SIMT,"12,727"
937,8.69,csrmv_v3_kernel,..integral_constant..,18.53,1.61,34.68,44.87,56,"  319,    1,    1","  128,    1,    1",Kernel: SIMT,"27,734"
938,97.37,csr_partition_kernel,..csr_partition_kernel..,8.54,8.32,0.08,1.25,22,"    2,    1,    1","  256,    1,    1",Kernel: SIMT,"12,710"
939,8.57,csrmv_v3_kernel,..integral_constant..,18.66,1.60,34.17,44.60,56,"  319,    1,    1","  128,    1,    1",Kernel: SIMT,"27,891"
940,97.37,csr_partition_kernel,..csr_partition_kernel..,8.35,8.13,0.07,1.27,22,"    2,    1,    1","  256,    1,    1",Kernel: SIMT,"12,476"
941,8.69,csrmv_v3_kernel,..integral_constant..,18.72,1.63,34.68,44.46,56,"  319,    1,    1","  128,    1,    1",Kernel: SIMT,"27,980"
942,97.37,csr_partition_kernel,..csr_partition_kernel..,8.58,8.35,0.08,1.25,22,"    2,    1,    1","  256,    1,    1",Kernel: SIMT,"12,733"
943,7.30,csrmv_v3_kernel,..integral_constant..,18.50,1.35,34.77,44.94,56,"  319,    1,    1","  128,    1,    1",Kernel: SIMT,"27,624"
944,97.37,csr_partition_kernel,..csr_partition_kernel..,8.42,8.19,0.08,1.27,22,"    2,    1,    1","  256,    1,    1",Kernel: SIMT,"12,526"
945,10.03,csrmv_v3_kernel,..integral_constant..,18.66,1.87,35.44,44.57,56,"  319,    1,    1","  128,    1,    1",Kernel: SIMT,"27,926"
946,97.37,csr_partition_kernel,..csr_partition_kernel..,8.29,8.07,0.08,1.29,22,"    2,    1,    1","  256,    1,    1",Kernel: SIMT,"12,328"
947,9.95,csrmv_v3_kernel,..integral_constant..,18.34,1.82,34.91,45.32,56,"  319,    1,    1","  128,    1,    1",Kernel: SIMT,"27,432"
948,97.37,csr_partition_kernel,..csr_partition_kernel..,8.51,8.29,0.08,1.25,22,"    2,    1,    1","  256,    1,    1",Kernel: SIMT,"12,694"
949,8.76,csrmv_v3_kernel,..integral_constant..,18.40,1.61,35.15,45.28,56,"  319,    1,    1","  128,    1,    1",Kernel: SIMT,"27,498"
950,97.37,csr_partition_kernel,..csr_partition_kernel..,8.42,8.19,0.08,1.27,22,"    2,    1,    1","  256,    1,    1",Kernel: SIMT,"12,552"
951,7.73,csrmv_v3_kernel,..integral_constant..,18.53,1.43,34.30,44.90,56,"  319,    1,    1","  128,    1,    1",Kernel: SIMT,"27,726"
952,97.37,csr_partition_kernel,..csr_partition_kernel..,8.38,8.16,0.08,1.32,22,"    2,    1,    1","  256,    1,    1",Kernel: SIMT,"12,464"
953,8.72,csrmv_v3_kernel,..integral_constant..,18.50,1.61,34.61,44.94,56,"  319,    1,    1","  128,    1,    1",Kernel: SIMT,"27,663"
954,97.37,csr_partition_kernel,..csr_partition_kernel..,8.35,8.13,0.08,1.32,22,"    2,    1,    1","  256,    1,    1",Kernel: SIMT,"12,405"
955,9.59,csrmv_v3_kernel,..integral_constant..,18.59,1.78,33.63,44.77,56,"  319,    1,    1","  128,    1,    1",Kernel: SIMT,"27,832"
956,97.37,csr_partition_kernel,..csr_partition_kernel..,8.38,8.16,0.08,1.28,22,"    2,    1,    1","  256,    1,    1",Kernel: SIMT,"12,490"
957,6.85,csrmv_v3_kernel,..integral_constant..,18.62,1.28,34.80,44.72,56,"  319,    1,    1","  128,    1,    1",Kernel: SIMT,"27,866"
958,97.37,csr_partition_kernel,..csr_partition_kernel..,8.64,8.41,0.08,1.24,22,"    2,    1,    1","  256,    1,    1",Kernel: SIMT,"12,841"
959,7.28,csrmv_v3_kernel,..integral_constant..,18.82,1.37,34.76,45.62,56,"  319,    1,    1","  128,    1,    1",Kernel: SIMT,"28,068"
960,97.37,csr_partition_kernel,..csr_partition_kernel..,8.58,8.35,0.08,1.27,22,"    2,    1,    1","  256,    1,    1",Kernel: SIMT,"12,741"
961,8.95,csrmv_v3_kernel,..integral_constant..,18.85,1.69,35.08,44.19,56,"  319,    1,    1","  128,    1,    1",Kernel: SIMT,"28,162"
962,97.37,csr_partition_kernel,..csr_partition_kernel..,8.48,8.26,0.08,1.26,22,"    2,    1,    1","  256,    1,    1",Kernel: SIMT,"12,594"
963,9.78,csrmv_v3_kernel,..integral_constant..,18.46,1.81,35.07,45.01,56,"  319,    1,    1","  128,    1,    1",Kernel: SIMT,"27,603"
964,97.37,csr_partition_kernel,..csr_partition_kernel..,8.51,8.29,0.08,1.26,22,"    2,    1,    1","  256,    1,    1",Kernel: SIMT,"12,651"
965,8.15,csrmv_v3_kernel,..integral_constant..,18.56,1.51,34.17,44.91,56,"  319,    1,    1","  128,    1,    1",Kernel: SIMT,"27,714"
966,97.37,csr_partition_kernel,..csr_partition_kernel..,8.45,8.23,0.08,1.26,22,"    2,    1,    1","  256,    1,    1",Kernel: SIMT,"12,627"
967,8.98,csrmv_v3_kernel,..integral_constant..,18.56,1.67,33.99,44.81,56,"  319,    1,    1","  128,    1,    1",Kernel: SIMT,"27,765"
968,97.37,csr_partition_kernel,..csr_partition_kernel..,8.29,8.07,0.08,1.29,22,"    2,    1,    1","  256,    1,    1",Kernel: SIMT,"12,355"
969,10.21,csrmv_v3_kernel,..integral_constant..,18.62,1.90,35.31,44.64,56,"  319,    1,    1","  128,    1,    1",Kernel: SIMT,"27,867"
970,97.37,csr_partition_kernel,..csr_partition_kernel..,8.51,8.29,0.08,1.25,22,"    2,    1,    1","  256,    1,    1",Kernel: SIMT,"12,669"
971,9.20,csrmv_v3_kernel,..integral_constant..,18.37,1.69,34.21,45.22,56,"  319,    1,    1","  128,    1,    1",Kernel: SIMT,"27,487"
972,97.37,csr_partition_kernel,..csr_partition_kernel..,8.48,8.26,0.08,1.26,22,"    2,    1,    1","  256,    1,    1",Kernel: SIMT,"12,650"
973,9.25,csrmv_v3_kernel,..integral_constant..,18.69,1.73,35.02,44.58,56,"  319,    1,    1","  128,    1,    1",Kernel: SIMT,"27,922"
974,97.37,csr_partition_kernel,..csr_partition_kernel..,8.42,8.19,0.08,1.27,22,"    2,    1,    1","  256,    1,    1",Kernel: SIMT,"12,544"
975,9.96,csrmv_v3_kernel,..integral_constant..,18.72,1.86,34.12,44.50,56,"  319,    1,    1","  128,    1,    1",Kernel: SIMT,"27,953"
976,97.37,csr_partition_kernel,..csr_partition_kernel..,8.48,8.26,0.08,1.26,22,"    2,    1,    1","  256,    1,    1",Kernel: SIMT,"12,623"
977,9.41,csrmv_v3_kernel,..integral_constant..,18.62,1.75,34.27,44.67,56,"  319,    1,    1","  128,    1,    1",Kernel: SIMT,"27,882"
978,97.37,csr_partition_kernel,..csr_partition_kernel..,8.54,8.32,0.08,1.25,22,"    2,    1,    1","  256,    1,    1",Kernel: SIMT,"12,738"
979,9.70,csrmv_v3_kernel,..integral_constant..,18.69,1.81,34.99,44.59,56,"  319,    1,    1","  128,    1,    1",Kernel: SIMT,"27,883"
980,97.37,csr_partition_kernel,..csr_partition_kernel..,8.54,8.32,0.08,1.25,22,"    2,    1,    1","  256,    1,    1",Kernel: SIMT,"12,731"
981,10.24,csrmv_v3_kernel,..integral_constant..,18.53,1.90,34.14,44.88,56,"  319,    1,    1","  128,    1,    1",Kernel: SIMT,"27,704"
982,97.37,csr_partition_kernel,..csr_partition_kernel..,8.35,8.13,0.07,1.28,22,"    2,    1,    1","  256,    1,    1",Kernel: SIMT,"12,432"
983,8.94,csrmv_v3_kernel,..integral_constant..,18.75,1.68,34.72,44.45,56,"  319,    1,    1","  128,    1,    1",Kernel: SIMT,"28,010"
984,97.37,csr_partition_kernel,..csr_partition_kernel..,8.38,8.16,0.08,1.27,22,"    2,    1,    1","  256,    1,    1",Kernel: SIMT,"12,512"
985,9.87,csrmv_v3_kernel,..integral_constant..,18.69,1.84,35.05,44.50,56,"  319,    1,    1","  128,    1,    1",Kernel: SIMT,"27,962"
986,97.37,csr_partition_kernel,..csr_partition_kernel..,8.45,8.23,0.08,1.37,22,"    2,    1,    1","  256,    1,    1",Kernel: SIMT,"12,585"
987,8.09,csrmv_v3_kernel,..integral_constant..,18.53,1.50,35.13,44.81,56,"  319,    1,    1","  128,    1,    1",Kernel: SIMT,"27,692"
988,97.37,csr_partition_kernel,..csr_partition_kernel..,8.38,8.16,0.08,1.28,22,"    2,    1,    1","  256,    1,    1",Kernel: SIMT,"12,463"
989,9.81,csrmv_v3_kernel,..integral_constant..,18.59,1.82,34.80,44.91,56,"  319,    1,    1","  128,    1,    1",Kernel: SIMT,"27,791"
990,97.37,csr_partition_kernel,..csr_partition_kernel..,8.38,8.16,0.08,1.28,22,"    2,    1,    1","  256,    1,    1",Kernel: SIMT,"12,475"
991,8.36,csrmv_v3_kernel,..integral_constant..,18.72,1.56,33.78,44.50,56,"  319,    1,    1","  128,    1,    1",Kernel: SIMT,"27,955"
992,97.37,csr_partition_kernel,..csr_partition_kernel..,8.54,8.32,0.08,1.25,22,"    2,    1,    1","  256,    1,    1",Kernel: SIMT,"12,711"
993,10.78,csrmv_v3_kernel,..integral_constant..,18.78,2.03,34.52,44.26,56,"  319,    1,    1","  128,    1,    1",Kernel: SIMT,"28,072"
994,97.37,csr_partition_kernel,..csr_partition_kernel..,8.29,8.07,0.08,1.29,22,"    2,    1,    1","  256,    1,    1",Kernel: SIMT,"12,346"
995,9.11,csrmv_v3_kernel,..integral_constant..,18.43,1.68,34.03,44.90,56,"  319,    1,    1","  128,    1,    1",Kernel: SIMT,"27,523"
996,97.37,csr_partition_kernel,..csr_partition_kernel..,8.58,8.35,0.08,2.62,22,"    2,    1,    1","  256,    1,    1",Kernel: SIMT,"12,768"
997,10.53,csrmv_v3_kernel,..integral_constant..,18.50,1.95,35.37,45.11,56,"  319,    1,    1","  128,    1,    1",Kernel: SIMT,"27,610"
998,97.37,csr_partition_kernel,..csr_partition_kernel..,8.54,8.32,0.07,1.25,22,"    2,    1,    1","  256,    1,    1",Kernel: SIMT,"12,714"
999,9.06,csrmv_v3_kernel,..integral_constant..,18.78,1.70,34.82,44.26,56,"  319,    1,    1","  128,    1,    1",Kernel: SIMT,"28,092"
1000,97.37,csr_partition_kernel,..csr_partition_kernel..,8.48,8.26,0.08,1.31,22,"    2,    1,    1","  256,    1,    1",Kernel: SIMT,"12,647"
1001,9.89,csrmv_v3_kernel,..integral_constant..,18.53,1.83,34.61,44.88,56,"  319,    1,    1","  128,    1,    1",Kernel: SIMT,"27,712"
1002,97.37,csr_partition_kernel,..csr_partition_kernel..,8.42,8.19,0.08,1.27,22,"    2,    1,    1","  256,    1,    1",Kernel: SIMT,"12,563"
1003,9.43,csrmv_v3_kernel,..integral_constant..,18.50,1.74,34.75,44.97,56,"  319,    1,    1","  128,    1,    1",Kernel: SIMT,"27,671"
1004,97.37,csr_partition_kernel,..csr_partition_kernel..,8.35,8.13,0.08,1.28,22,"    2,    1,    1","  256,    1,    1",Kernel: SIMT,"12,445"
1005,9.15,csrmv_v3_kernel,..integral_constant..,18.98,1.74,34.23,47.40,56,"  319,    1,    1","  128,    1,    1",Kernel: SIMT,"28,373"
1006,97.37,csr_partition_kernel,..csr_partition_kernel..,8.54,8.32,0.08,1.25,22,"    2,    1,    1","  256,    1,    1",Kernel: SIMT,"12,695"
1007,9.12,csrmv_v3_kernel,..integral_constant..,18.59,1.70,34.63,44.76,56,"  319,    1,    1","  128,    1,    1",Kernel: SIMT,"27,789"
1008,97.37,csr_partition_kernel,..csr_partition_kernel..,8.38,8.16,0.08,1.32,22,"    2,    1,    1","  256,    1,    1",Kernel: SIMT,"12,504"
1009,8.50,csrmv_v3_kernel,..integral_constant..,18.78,1.60,34.07,44.30,56,"  319,    1,    1","  128,    1,    1",Kernel: SIMT,"28,080"
1010,97.37,csr_partition_kernel,..csr_partition_kernel..,8.42,8.19,0.08,2.33,22,"    2,    1,    1","  256,    1,    1",Kernel: SIMT,"12,532"
1011,7.81,csrmv_v3_kernel,..integral_constant..,18.59,1.45,34.25,44.74,56,"  319,    1,    1","  128,    1,    1",Kernel: SIMT,"27,761"
1012,97.37,csr_partition_kernel,..csr_partition_kernel..,8.45,8.23,0.07,1.27,22,"    2,    1,    1","  256,    1,    1",Kernel: SIMT,"12,601"
1013,9.65,csrmv_v3_kernel,..integral_constant..,18.66,1.80,35.10,44.63,56,"  319,    1,    1","  128,    1,    1",Kernel: SIMT,"27,903"
1014,97.37,csr_partition_kernel,..csr_partition_kernel..,8.45,8.23,0.08,1.26,22,"    2,    1,    1","  256,    1,    1",Kernel: SIMT,"12,572"
1015,9.52,csrmv_v3_kernel,..integral_constant..,18.56,1.77,34.15,44.82,56,"  319,    1,    1","  128,    1,    1",Kernel: SIMT,"27,749"
1016,97.37,csr_partition_kernel,..csr_partition_kernel..,8.54,8.32,0.08,1.25,22,"    2,    1,    1","  256,    1,    1",Kernel: SIMT,"12,705"
1017,8.55,csrmv_v3_kernel,..integral_constant..,18.62,1.59,34.76,44.75,56,"  319,    1,    1","  128,    1,    1",Kernel: SIMT,"27,837"
1018,97.37,csr_partition_kernel,..csr_partition_kernel..,8.38,8.16,0.07,1.27,22,"    2,    1,    1","  256,    1,    1",Kernel: SIMT,"12,472"
1019,8.69,csrmv_v3_kernel,..integral_constant..,18.62,1.62,34.98,44.74,56,"  319,    1,    1","  128,    1,    1",Kernel: SIMT,"27,804"
1020,97.37,csr_partition_kernel,..csr_partition_kernel..,8.45,8.23,0.08,1.27,22,"    2,    1,    1","  256,    1,    1",Kernel: SIMT,"12,572"
1021,8.71,csrmv_v3_kernel,..integral_constant..,18.59,1.62,34.35,44.75,56,"  319,    1,    1","  128,    1,    1",Kernel: SIMT,"27,825"
1022,97.37,csr_partition_kernel,..csr_partition_kernel..,8.42,8.19,0.08,1.27,22,"    2,    1,    1","  256,    1,    1",Kernel: SIMT,"12,550"
1023,9.81,csrmv_v3_kernel,..integral_constant..,18.56,1.82,34.66,44.81,56,"  319,    1,    1","  128,    1,    1",Kernel: SIMT,"27,731"
1024,97.37,csr_partition_kernel,..csr_partition_kernel..,8.35,8.13,0.08,1.37,22,"    2,    1,    1","  256,    1,    1",Kernel: SIMT,"12,424"
1025,9.25,csrmv_v3_kernel,..integral_constant..,18.66,1.73,34.80,44.60,56,"  319,    1,    1","  128,    1,    1",Kernel: SIMT,"27,901"
1026,97.37,csr_partition_kernel,..csr_partition_kernel..,8.38,8.16,0.08,1.28,22,"    2,    1,    1","  256,    1,    1",Kernel: SIMT,"12,461"
1027,8.11,csrmv_v3_kernel,..integral_constant..,18.50,1.50,34.13,44.97,56,"  319,    1,    1","  128,    1,    1",Kernel: SIMT,"27,630"
1028,97.37,csr_partition_kernel,..csr_partition_kernel..,8.48,8.26,0.08,1.27,22,"    2,    1,    1","  256,    1,    1",Kernel: SIMT,"12,588"
1029,9.30,csrmv_v3_kernel,..integral_constant..,18.69,1.74,35.05,44.63,56,"  319,    1,    1","  128,    1,    1",Kernel: SIMT,"27,937"
1030,97.37,csr_partition_kernel,..csr_partition_kernel..,8.51,8.29,0.08,1.25,22,"    2,    1,    1","  256,    1,    1",Kernel: SIMT,"12,711"
1031,10.55,csrmv_v3_kernel,..integral_constant..,18.72,1.98,35.10,44.40,56,"  319,    1,    1","  128,    1,    1",Kernel: SIMT,"27,971"
1032,97.37,csr_partition_kernel,..csr_partition_kernel..,8.54,8.32,0.08,1.35,22,"    2,    1,    1","  256,    1,    1",Kernel: SIMT,"12,684"
1033,8.36,csrmv_v3_kernel,..integral_constant..,18.53,1.55,34.70,44.95,56,"  319,    1,    1","  128,    1,    1",Kernel: SIMT,"27,714"
1034,97.37,csr_partition_kernel,..csr_partition_kernel..,8.48,8.26,0.08,1.26,22,"    2,    1,    1","  256,    1,    1",Kernel: SIMT,"12,618"
1035,8.04,csrmv_v3_kernel,..integral_constant..,18.53,1.49,34.91,44.88,56,"  319,    1,    1","  128,    1,    1",Kernel: SIMT,"27,708"
1036,97.37,csr_partition_kernel,..csr_partition_kernel..,8.42,8.19,0.08,1.27,22,"    2,    1,    1","  256,    1,    1",Kernel: SIMT,"12,529"
1037,8.92,csrmv_v3_kernel,..integral_constant..,18.75,1.67,34.78,44.29,56,"  319,    1,    1","  128,    1,    1",Kernel: SIMT,"28,073"
1038,97.37,csr_partition_kernel,..csr_partition_kernel..,8.51,8.29,0.08,1.26,22,"    2,    1,    1","  256,    1,    1",Kernel: SIMT,"12,653"
1039,10.67,csrmv_v3_kernel,..integral_constant..,18.69,1.99,34.34,44.50,56,"  319,    1,    1","  128,    1,    1",Kernel: SIMT,"27,946"
1040,97.37,csr_partition_kernel,..csr_partition_kernel..,8.42,8.19,0.08,1.27,22,"    2,    1,    1","  256,    1,    1",Kernel: SIMT,"12,559"
1041,10.66,csrmv_v3_kernel,..integral_constant..,18.62,1.99,34.64,44.53,56,"  319,    1,    1","  128,    1,    1",Kernel: SIMT,"27,898"
1042,97.37,csr_partition_kernel,..csr_partition_kernel..,8.74,8.51,0.07,6.22,22,"    2,    1,    1","  256,    1,    1",Kernel: SIMT,"13,024"
1043,7.32,csrmv_v3_kernel,..integral_constant..,18.62,1.36,33.86,44.74,56,"  319,    1,    1","  128,    1,    1",Kernel: SIMT,"27,821"
1044,97.37,csr_partition_kernel,..csr_partition_kernel..,8.42,8.19,0.08,1.27,22,"    2,    1,    1","  256,    1,    1",Kernel: SIMT,"12,527"
1045,8.72,csrmv_v3_kernel,..integral_constant..,18.59,1.62,34.03,44.77,56,"  319,    1,    1","  128,    1,    1",Kernel: SIMT,"27,793"
1046,97.37,csr_partition_kernel,..csr_partition_kernel..,8.54,8.32,0.08,1.25,22,"    2,    1,    1","  256,    1,    1",Kernel: SIMT,"12,696"
1047,9.18,csrmv_v3_kernel,..integral_constant..,18.78,1.73,34.18,44.26,56,"  319,    1,    1","  128,    1,    1",Kernel: SIMT,"28,068"
1048,97.37,csr_partition_kernel,..csr_partition_kernel..,8.35,8.13,0.08,1.28,22,"    2,    1,    1","  256,    1,    1",Kernel: SIMT,"12,444"
1049,7.93,csrmv_v3_kernel,..integral_constant..,18.59,1.47,33.99,44.86,56,"  319,    1,    1","  128,    1,    1",Kernel: SIMT,"27,784"
1050,97.37,csr_partition_kernel,..csr_partition_kernel..,8.42,8.19,0.08,1.27,22,"    2,    1,    1","  256,    1,    1",Kernel: SIMT,"12,553"
1051,7.76,csrmv_v3_kernel,..integral_constant..,18.66,1.45,34.90,44.78,56,"  319,    1,    1","  128,    1,    1",Kernel: SIMT,"27,906"
1052,97.37,csr_partition_kernel,..csr_partition_kernel..,8.51,8.29,0.07,1.28,22,"    2,    1,    1","  256,    1,    1",Kernel: SIMT,"12,714"
1053,8.08,csrmv_v3_kernel,..integral_constant..,18.69,1.51,34.67,44.53,56,"  319,    1,    1","  128,    1,    1",Kernel: SIMT,"27,945"
1054,97.37,csr_partition_kernel,..csr_partition_kernel..,8.45,8.23,0.08,1.26,22,"    2,    1,    1","  256,    1,    1",Kernel: SIMT,"12,616"
1055,11.00,csrmv_v3_kernel,..integral_constant..,18.56,2.04,34.88,44.81,56,"  319,    1,    1","  128,    1,    1",Kernel: SIMT,"27,770"
1056,97.37,csr_partition_kernel,..csr_partition_kernel..,8.42,8.19,0.08,1.34,22,"    2,    1,    1","  256,    1,    1",Kernel: SIMT,"12,546"
1057,10.11,csrmv_v3_kernel,..integral_constant..,19.07,1.93,34.78,43.66,56,"  319,    1,    1","  128,    1,    1",Kernel: SIMT,"28,502"
1058,97.37,csr_partition_kernel,..csr_partition_kernel..,8.35,8.13,0.08,1.28,22,"    2,    1,    1","  256,    1,    1",Kernel: SIMT,"12,451"
1059,8.59,csrmv_v3_kernel,..integral_constant..,18.72,1.61,33.99,44.53,56,"  319,    1,    1","  128,    1,    1",Kernel: SIMT,"27,962"
1060,97.37,csr_partition_kernel,..csr_partition_kernel..,8.58,8.35,0.08,1.25,22,"    2,    1,    1","  256,    1,    1",Kernel: SIMT,"12,744"
1061,10.07,csrmv_v3_kernel,..integral_constant..,18.75,1.89,34.93,44.26,56,"  319,    1,    1","  128,    1,    1",Kernel: SIMT,"28,053"
1062,97.37,csr_partition_kernel,..csr_partition_kernel..,8.35,8.13,0.08,1.29,22,"    2,    1,    1","  256,    1,    1",Kernel: SIMT,"12,427"
1063,9.71,csrmv_v3_kernel,..integral_constant..,18.59,1.80,33.80,44.75,56,"  319,    1,    1","  128,    1,    1",Kernel: SIMT,"27,796"
1064,97.37,csr_partition_kernel,..csr_partition_kernel..,8.38,8.16,0.08,1.28,22,"    2,    1,    1","  256,    1,    1",Kernel: SIMT,"12,483"
1065,9.44,csrmv_v3_kernel,..integral_constant..,18.50,1.75,35.12,45.01,56,"  319,    1,    1","  128,    1,    1",Kernel: SIMT,"27,654"
1066,97.37,csr_partition_kernel,..csr_partition_kernel..,8.42,8.19,0.08,1.53,22,"    2,    1,    1","  256,    1,    1",Kernel: SIMT,"12,548"
1067,8.87,csrmv_v3_kernel,..integral_constant..,18.56,1.65,34.66,44.74,56,"  319,    1,    1","  128,    1,    1",Kernel: SIMT,"27,768"
1068,97.37,csr_partition_kernel,..csr_partition_kernel..,8.58,8.35,0.08,1.24,22,"    2,    1,    1","  256,    1,    1",Kernel: SIMT,"12,769"
1069,8.54,csrmv_v3_kernel,..integral_constant..,18.62,1.59,34.12,44.67,56,"  319,    1,    1","  128,    1,    1",Kernel: SIMT,"27,836"
1070,97.37,csr_partition_kernel,..csr_partition_kernel..,8.32,8.10,0.08,1.29,22,"    2,    1,    1","  256,    1,    1",Kernel: SIMT,"12,424"
1071,7.56,csrmv_v3_kernel,..integral_constant..,18.69,1.41,34.55,45.86,56,"  319,    1,    1","  128,    1,    1",Kernel: SIMT,"27,940"
1072,97.37,csr_partition_kernel,..csr_partition_kernel..,8.48,8.26,0.08,1.32,22,"    2,    1,    1","  256,    1,    1",Kernel: SIMT,"12,610"
1073,10.97,csrmv_v3_kernel,..integral_constant..,18.66,2.05,34.88,44.57,56,"  319,    1,    1","  128,    1,    1",Kernel: SIMT,"27,848"
1074,97.37,csr_partition_kernel,..csr_partition_kernel..,8.48,8.26,0.08,1.26,22,"    2,    1,    1","  256,    1,    1",Kernel: SIMT,"12,658"
1075,9.84,csrmv_v3_kernel,..integral_constant..,18.62,1.83,34.80,44.67,56,"  319,    1,    1","  128,    1,    1",Kernel: SIMT,"27,839"
1076,97.37,csr_partition_kernel,..csr_partition_kernel..,8.45,8.23,0.08,1.27,22,"    2,    1,    1","  256,    1,    1",Kernel: SIMT,"12,553"
1077,8.88,csrmv_v3_kernel,..integral_constant..,18.72,1.66,35.09,44.50,56,"  319,    1,    1","  128,    1,    1",Kernel: SIMT,"27,974"
1078,97.37,csr_partition_kernel,..csr_partition_kernel..,8.51,8.29,0.08,1.30,22,"    2,    1,    1","  256,    1,    1",Kernel: SIMT,"12,700"
1079,8.96,csrmv_v3_kernel,..integral_constant..,18.53,1.66,34.47,44.91,56,"  319,    1,    1","  128,    1,    1",Kernel: SIMT,"27,715"
1080,97.37,csr_partition_kernel,..csr_partition_kernel..,8.29,8.07,0.08,1.29,22,"    2,    1,    1","  256,    1,    1",Kernel: SIMT,"12,327"
1081,9.53,csrmv_v3_kernel,..integral_constant..,18.62,1.77,35.07,44.67,56,"  319,    1,    1","  128,    1,    1",Kernel: SIMT,"27,854"
1082,97.37,csr_partition_kernel,..csr_partition_kernel..,8.64,8.41,0.08,1.24,22,"    2,    1,    1","  256,    1,    1",Kernel: SIMT,"12,872"
1083,10.73,csrmv_v3_kernel,..integral_constant..,18.56,1.99,34.89,44.77,56,"  319,    1,    1","  128,    1,    1",Kernel: SIMT,"27,753"
1084,97.37,csr_partition_kernel,..csr_partition_kernel..,8.45,8.23,0.08,1.26,22,"    2,    1,    1","  256,    1,    1",Kernel: SIMT,"12,610"
1085,9.21,csrmv_v3_kernel,..integral_constant..,18.75,1.73,34.68,44.40,56,"  319,    1,    1","  128,    1,    1",Kernel: SIMT,"28,032"
1086,97.37,csr_partition_kernel,..csr_partition_kernel..,8.22,8.01,0.07,1.30,22,"    2,    1,    1","  256,    1,    1",Kernel: SIMT,"12,249"
1087,8.88,csrmv_v3_kernel,..integral_constant..,18.78,1.67,34.92,44.26,56,"  319,    1,    1","  128,    1,    1",Kernel: SIMT,"28,097"
1088,97.37,csr_partition_kernel,..csr_partition_kernel..,8.32,8.10,0.08,1.29,22,"    2,    1,    1","  256,    1,    1",Kernel: SIMT,"12,373"
1089,9.16,csrmv_v3_kernel,..integral_constant..,18.43,1.69,33.75,45.12,56,"  319,    1,    1","  128,    1,    1",Kernel: SIMT,"27,549"
1090,97.37,csr_partition_kernel,..csr_partition_kernel..,8.51,8.29,0.08,1.26,22,"    2,    1,    1","  256,    1,    1",Kernel: SIMT,"12,649"
1091,8.67,csrmv_v3_kernel,..integral_constant..,18.43,1.60,34.98,45.15,56,"  319,    1,    1","  128,    1,    1",Kernel: SIMT,"27,566"
1092,97.37,csr_partition_kernel,..csr_partition_kernel..,8.51,8.29,0.08,1.29,22,"    2,    1,    1","  256,    1,    1",Kernel: SIMT,"12,673"
1093,9.06,csrmv_v3_kernel,..integral_constant..,18.82,1.70,34.69,44.16,56,"  319,    1,    1","  128,    1,    1",Kernel: SIMT,"28,144"
1094,97.37,csr_partition_kernel,..csr_partition_kernel..,8.58,8.35,0.08,1.24,22,"    2,    1,    1","  256,    1,    1",Kernel: SIMT,"12,819"
1095,9.77,csrmv_v3_kernel,..integral_constant..,18.50,1.81,34.66,44.95,56,"  319,    1,    1","  128,    1,    1",Kernel: SIMT,"27,703"
1096,97.37,csr_partition_kernel,..csr_partition_kernel..,8.42,8.19,0.08,1.31,22,"    2,    1,    1","  256,    1,    1",Kernel: SIMT,"12,547"
1097,9.63,csrmv_v3_kernel,..integral_constant..,18.78,1.81,34.84,44.30,56,"  319,    1,    1","  128,    1,    1",Kernel: SIMT,"28,014"
1098,97.37,csr_partition_kernel,..csr_partition_kernel..,8.38,8.16,0.08,1.32,22,"    2,    1,    1","  256,    1,    1",Kernel: SIMT,"12,497"
1099,8.49,csrmv_v3_kernel,..integral_constant..,18.53,1.57,34.41,44.86,56,"  319,    1,    1","  128,    1,    1",Kernel: SIMT,"27,728"
